NAME,B19013_001E,B01003_001E,B01002_001E,B19301_001E,B17001_002E,B23022_001E,B23001_088E,B23022_049E,B23022_002E,B23022_025E,B15003_023E,B25058_001E,state,congressional district,Year
"Congressional District 1 (116th Congress), Alabama",53606.0,722794.0,40.3,29688.0,109032.0,447518.0,301800.0,77217.0,217406.0,55953.0,33551.0,707.0,01,01,2021
"Congressional District 2 (116th Congress), Alabama",52194.0,689681.0,39.0,28319.0,115310.0,435275.0,287843.0,76285.0,213201.0,54707.0,31270.0,619.0,01,02,2021
"Congressional District 3 (116th Congress), Alabama",53090.0,731482.0,38.8,28451.0,121511.0,468161.0,304646.0,77313.0,230635.0,57921.0,35868.0,590.0,01,03,2021
"Congressional District 4 (116th Congress), Alabama",50931.0,702255.0,40.9,27056.0,109196.0,431360.0,285978.0,76826.0,216170.0,50766.0,24306.0,469.0,01,04,2021
"Congressional District 5 (116th Congress), Alabama",63180.0,751690.0,39.8,35350.0,90719.0,483297.0,310448.0,75739.0,241259.0,48404.0,52340.0,643.0,01,05,2021
"Congressional District 6 (116th Congress), Alabama",73619.0,731505.0,39.5,39473.0,68710.0,462766.0,302796.0,65063.0,226653.0,42317.0,47571.0,877.0,01,06,2021
"Congressional District 7 (116th Congress), Alabama",40677.0,668268.0,36.5,23898.0,155341.0,432695.0,290274.0,76336.0,204251.0,61294.0,26134.0,609.0,01,07,2021
"Congressional District (at Large) (116th Congress), Alaska",80287.0,735951.0,35.0,39236.0,75016.0,481977.0,271261.0,54983.0,255877.0,43700.0,39503.0,1153.0,02,00,2021
"Congressional District 1 (116th Congress), Arizona",60420.0,758861.0,38.3,28850.0,129488.0,457817.0,298899.0,77336.0,234520.0,69600.0,39760.0,859.0,04,01,2021
"Congressional District 2 (116th Congress), Arizona",59161.0,729613.0,40.8,34935.0,93820.0,441855.0,303934.0,62691.0,223622.0,45979.0,55773.0,821.0,04,02,2021
"Congressional District 3 (116th Congress), Arizona",56106.0,780580.0,32.6,23780.0,137081.0,503537.0,298078.0,80629.0,256381.0,57888.0,23302.0,797.0,04,03,2021
"Congressional District 4 (116th Congress), Arizona",57895.0,796390.0,48.4,31580.0,93547.0,440416.0,326998.0,70647.0,227057.0,60926.0,34419.0,830.0,04,04,2021
"Congressional District 5 (116th Congress), Arizona",86858.0,860467.0,39.1,41117.0,60267.0,525248.0,343090.0,66323.0,261265.0,35991.0,58810.0,1282.0,04,05,2021
"Congressional District 6 (116th Congress), Arizona",81090.0,769040.0,42.3,51574.0,74917.0,488615.0,325119.0,61419.0,242872.0,37460.0,70850.0,1183.0,04,06,2021
"Congressional District 7 (116th Congress), Arizona",52167.0,792891.0,30.3,22514.0,172614.0,527738.0,291967.0,87647.0,268612.0,57435.0,19375.0,886.0,04,07,2021
"Congressional District 8 (116th Congress), Arizona",77153.0,821009.0,42.2,36960.0,68715.0,482486.0,346355.0,66765.0,234500.0,40562.0,52429.0,1217.0,04,08,2021
"Congressional District 9 (116th Congress), Arizona",67359.0,770352.0,33.8,40135.0,104462.0,539053.0,311566.0,60776.0,278851.0,38968.0,58635.0,1120.0,04,09,2021
"Congressional District 1 (116th Congress), Arkansas",46235.0,717868.0,39.6,25325.0,127220.0,440250.0,289092.0,70465.0,222951.0,65577.0,22150.0,528.0,05,01,2021
"Congressional District 2 (116th Congress), Arkansas",55764.0,767099.0,37.6,32675.0,109267.0,486547.0,317973.0,67748.0,236670.0,52186.0,43695.0,688.0,05,02,2021
"Congressional District 3 (116th Congress), Arkansas",59029.0,831156.0,35.9,32519.0,109339.0,530000.0,329021.0,76055.0,267030.0,53571.0,42058.0,667.0,05,03,2021
"Congressional District 4 (116th Congress), Arkansas",46300.0,690186.0,41.0,25412.0,122287.0,420097.0,283453.0,73094.0,209340.0,61031.0,21106.0,505.0,05,04,2021
"Congressional District 1 (116th Congress), California",61337.0,708366.0,42.0,33968.0,102551.0,429948.0,289606.0,65241.0,221191.0,62118.0,29488.0,928.0,06,01,2021
"Congressional District 2 (116th Congress), California",86108.0,722327.0,44.5,53708.0,79217.0,442864.0,301390.0,56714.0,224164.0,45811.0,57144.0,1469.0,06,02,2021
"Congressional District 3 (116th Congress), California",77120.0,757414.0,35.5,34738.0,95158.0,488801.0,300188.0,73756.0,248341.0,60123.0,32409.0,1270.0,06,03,2021
"Congressional District 4 (116th Congress), California",87963.0,760658.0,44.2,45877.0,63260.0,459974.0,313293.0,65960.0,232684.0,50185.0,46328.0,1338.0,06,04,2021
"Congressional District 5 (116th Congress), California",89372.0,728345.0,41.1,44551.0,66345.0,463691.0,307629.0,56653.0,231599.0,39324.0,40159.0,1675.0,06,05,2021
"Congressional District 6 (116th Congress), California",66518.0,781387.0,34.6,32969.0,127261.0,515245.0,316752.0,79263.0,252631.0,52599.0,37477.0,1227.0,06,06,2021
"Congressional District 7 (116th Congress), California",87335.0,778765.0,38.5,39766.0,78488.0,497320.0,316832.0,67992.0,248803.0,54416.0,44006.0,1358.0,06,07,2021
"Congressional District 8 (116th Congress), California",60500.0,749184.0,34.2,26734.0,125466.0,464137.0,280336.0,91233.0,237112.0,64309.0,22399.0,999.0,06,08,2021
"Congressional District 9 (116th Congress), California",78431.0,796370.0,35.3,32349.0,100239.0,507233.0,308704.0,85948.0,255477.0,60284.0,25228.0,1167.0,06,09,2021
"Congressional District 10 (116th Congress), California",74420.0,764549.0,34.8,31055.0,95682.0,483131.0,292809.0,81974.0,244078.0,52084.0,18527.0,1169.0,06,10,2021
"Congressional District 11 (116th Congress), California",106592.0,767298.0,40.0,55882.0,67384.0,489879.0,317482.0,66901.0,244419.0,44422.0,64502.0,1824.0,06,11,2021
"Congressional District 12 (116th Congress), California",127278.0,757251.0,38.3,80577.0,78325.0,548173.0,322442.0,45364.0,288909.0,39299.0,102125.0,2021.0,06,12,2021
"Congressional District 13 (116th Congress), California",92969.0,772203.0,37.2,52685.0,95022.0,532291.0,332815.0,64784.0,262499.0,44759.0,84110.0,1703.0,06,13,2021
"Congressional District 14 (116th Congress), California",129943.0,747495.0,40.2,63506.0,48940.0,497139.0,313730.0,51859.0,253091.0,37069.0,71636.0,2436.0,06,14,2021
"Congressional District 15 (116th Congress), California",130999.0,796865.0,39.1,55497.0,46734.0,526560.0,321207.0,70211.0,265251.0,40521.0,80323.0,2168.0,06,15,2021
"Congressional District 16 (116th Congress), California",52403.0,747131.0,31.0,21945.0,175339.0,468615.0,275302.0,91111.0,237297.0,62910.0,12289.0,856.0,06,16,2021
"Congressional District 17 (116th Congress), California",154511.0,780242.0,36.3,66292.0,45294.0,540151.0,307058.0,69714.0,285348.0,39166.0,137772.0,2648.0,06,17,2021
"Congressional District 18 (116th Congress), California",157239.0,744528.0,40.3,84340.0,39270.0,484447.0,301246.0,63000.0,246137.0,35026.0,119423.0,2351.0,06,18,2021
"Congressional District 19 (116th Congress), California",116609.0,754007.0,37.4,48549.0,58652.0,500568.0,298499.0,64022.0,258980.0,43790.0,53925.0,2053.0,06,19,2021
"Congressional District 20 (116th Congress), California",85614.0,744111.0,35.4,37350.0,83731.0,478750.0,289817.0,65329.0,245839.0,47169.0,38279.0,1646.0,06,20,2021
"Congressional District 21 (116th Congress), California",50309.0,710344.0,30.3,18604.0,150643.0,456687.0,240628.0,83699.0,249390.0,81597.0,7793.0,783.0,06,21,2021
"Congressional District 22 (116th Congress), California",70290.0,786891.0,32.9,31021.0,118829.0,485205.0,298568.0,78017.0,241923.0,54042.0,29564.0,988.0,06,22,2021
"Congressional District 23 (116th Congress), California",65784.0,771198.0,34.3,29683.0,127028.0,484874.0,288652.0,88321.0,249364.0,68867.0,28675.0,923.0,06,23,2021
"Congressional District 24 (116th Congress), California",83503.0,739183.0,36.4,41097.0,90634.0,477766.0,300027.0,61123.0,246420.0,46270.0,43018.0,1620.0,06,24,2021
"Congressional District 25 (116th Congress), California",87671.0,745689.0,36.4,35938.0,88211.0,483278.0,289254.0,83834.0,245346.0,57211.0,34003.0,1601.0,06,25,2021
"Congressional District 26 (116th Congress), California",93176.0,722958.0,38.1,41466.0,63847.0,461106.0,289785.0,65261.0,232096.0,40613.0,41566.0,1811.0,06,26,2021
"Congressional District 27 (116th Congress), California",89708.0,708388.0,41.9,43980.0,70036.0,461244.0,305012.0,63886.0,227923.0,45043.0,62200.0,1662.0,06,27,2021
"Congressional District 28 (116th Congress), California",76855.0,704354.0,40.0,51317.0,88933.0,493139.0,303977.0,57832.0,253061.0,42051.0,58330.0,1632.0,06,28,2021
"Congressional District 29 (116th Congress), California",64066.0,703638.0,35.4,26603.0,112858.0,482079.0,284695.0,75466.0,243916.0,48434.0,18570.0,1407.0,06,29,2021
"Congressional District 30 (116th Congress), California",91231.0,761222.0,39.7,49086.0,77232.0,512397.0,321021.0,65103.0,255575.0,43508.0,57690.0,1772.0,06,30,2021
"Congressional District 31 (116th Congress), California",73754.0,754741.0,33.6,30079.0,98698.0,498336.0,296753.0,80824.0,248397.0,57299.0,32725.0,1331.0,06,31,2021
"Congressional District 32 (116th Congress), California",79816.0,705766.0,37.8,29319.0,78176.0,470699.0,291872.0,69585.0,236270.0,46949.0,25709.0,1532.0,06,32,2021
"Congressional District 33 (116th Congress), California",122270.0,709488.0,40.8,80875.0,55166.0,467472.0,305358.0,62845.0,227974.0,39018.0,85625.0,2243.0,06,33,2021
"Congressional District 34 (116th Congress), California",54103.0,716495.0,35.4,29846.0,150348.0,507718.0,287678.0,72159.0,270209.0,56992.0,32590.0,1284.0,06,34,2021
"Congressional District 35 (116th Congress), California",73377.0,739237.0,33.1,25261.0,98898.0,495587.0,286662.0,84666.0,250628.0,55567.0,17540.0,1392.0,06,35,2021
"Congressional District 36 (116th Congress), California",57732.0,747370.0,42.1,33132.0,116876.0,446221.0,302352.0,77730.0,228450.0,60817.0,31653.0,1064.0,06,36,2021
"Congressional District 37 (116th Congress), California",70976.0,712613.0,36.0,42276.0,116484.0,497144.0,306804.0,69223.0,245643.0,49963.0,54523.0,1578.0,06,37,2021
"Congressional District 38 (116th Congress), California",83143.0,711540.0,37.5,31017.0,66496.0,464803.0,292557.0,70040.0,232682.0,49051.0,29348.0,1555.0,06,38,2021
"Congressional District 39 (116th Congress), California",100743.0,733331.0,39.3,42075.0,64968.0,476509.0,301240.0,67254.0,237424.0,42272.0,53930.0,1815.0,06,39,2021
"Congressional District 40 (116th Congress), California",56942.0,700867.0,32.2,20232.0,135757.0,466164.0,268118.0,86410.0,234767.0,50087.0,10399.0,1258.0,06,40,2021
"Congressional District 41 (116th Congress), California",75638.0,752956.0,31.7,26041.0,94738.0,502672.0,289314.0,88580.0,255292.0,56165.0,22572.0,1404.0,06,41,2021
"Congressional District 42 (116th Congress), California",97618.0,820055.0,35.6,35981.0,64696.0,525019.0,316089.0,88470.0,263248.0,53808.0,35872.0,1706.0,06,42,2021
"Congressional District 43 (116th Congress), California",70542.0,733353.0,36.0,32959.0,108125.0,485288.0,299348.0,71687.0,239097.0,48857.0,32686.0,1440.0,06,43,2021
"Congressional District 44 (116th Congress), California",62974.0,714444.0,33.7,23405.0,118774.0,470766.0,282228.0,87275.0,232308.0,54071.0,13972.0,1232.0,06,44,2021
"Congressional District 45 (116th Congress), California",116789.0,806990.0,39.1,54855.0,67772.0,531263.0,335943.0,75681.0,262945.0,43813.0,87006.0,2270.0,06,45,2021
"Congressional District 46 (116th Congress), California",77248.0,710498.0,33.6,27233.0,93764.0,484462.0,279683.0,72485.0,248061.0,46389.0,19808.0,1654.0,06,46,2021
"Congressional District 47 (116th Congress), California",78632.0,714590.0,37.7,37435.0,92836.0,482845.0,294356.0,67174.0,242213.0,47469.0,41363.0,1533.0,06,47,2021
"Congressional District 48 (116th Congress), California",105309.0,718069.0,42.7,57579.0,61969.0,466840.0,303779.0,61282.0,234096.0,37939.0,60200.0,2089.0,06,48,2021
"Congressional District 49 (116th Congress), California",104696.0,735611.0,38.1,52403.0,53780.0,475449.0,289776.0,64511.0,246527.0,33964.0,60999.0,1965.0,06,49,2021
"Congressional District 50 (116th Congress), California",85615.0,752367.0,37.7,37468.0,78268.0,474970.0,301103.0,73429.0,237198.0,44470.0,39264.0,1603.0,06,50,2021
"Congressional District 51 (116th Congress), California",56635.0,724859.0,33.5,23025.0,123566.0,475865.0,274230.0,82191.0,250891.0,67277.0,15312.0,1291.0,06,51,2021
"Congressional District 52 (116th Congress), California",108946.0,757448.0,37.0,57302.0,59693.0,514359.0,304911.0,58673.0,269923.0,40319.0,92300.0,2045.0,06,52,2021
"Congressional District 53 (116th Congress), California",86816.0,770304.0,35.9,41232.0,80718.0,532682.0,318384.0,66457.0,269777.0,48321.0,55209.0,1695.0,06,53,2021
"Congressional District 1 (116th Congress), Colorado",80246.0,831812.0,35.3,51043.0,88394.0,584644.0,341386.0,53300.0,299299.0,35911.0,82992.0,1411.0,08,01,2021
"Congressional District 2 (116th Congress), Colorado",91259.0,822288.0,38.2,50599.0,78148.0,558423.0,338131.0,53382.0,286855.0,35177.0,94189.0,1479.0,08,02,2021
"Congressional District 3 (116th Congress), Colorado",62171.0,755131.0,40.7,34701.0,92988.0,470058.0,304704.0,60739.0,239278.0,43006.0,42411.0,837.0,08,03,2021
"Congressional District 4 (116th Congress), Colorado",85817.0,858938.0,37.5,41117.0,71013.0,553540.0,330881.0,63571.0,286023.0,41016.0,57784.0,1208.0,08,04,2021
"Congressional District 5 (116th Congress), Colorado",73982.0,824439.0,35.9,36843.0,77181.0,539874.0,319468.0,66194.0,282678.0,50713.0,63040.0,1180.0,08,05,2021
"Congressional District 6 (116th Congress), Colorado",91753.0,827989.0,37.0,44443.0,59290.0,544409.0,325977.0,56180.0,275502.0,33085.0,69160.0,1449.0,08,06,2021
"Congressional District 7 (116th Congress), Colorado",80980.0,802579.0,36.5,40164.0,68962.0,536197.0,322732.0,54220.0,274221.0,35616.0,55495.0,1395.0,08,07,2021
"Congressional District 1 (116th Congress), Connecticut",80168.0,715324.0,40.6,42924.0,74564.0,462063.0,303964.0,52301.0,228943.0,42203.0,64908.0,1005.0,09,01,2021
"Congressional District 2 (116th Congress), Connecticut",84124.0,702074.0,42.0,43498.0,56769.0,459741.0,293427.0,47958.0,235226.0,38660.0,60248.0,985.0,09,02,2021
"Congressional District 3 (116th Congress), Connecticut",76949.0,716576.0,39.9,41257.0,73667.0,472213.0,311138.0,51678.0,230344.0,43300.0,61767.0,1097.0,09,03,2021
"Congressional District 4 (116th Congress), Connecticut",104774.0,745946.0,40.4,65964.0,70783.0,478731.0,307529.0,61607.0,236057.0,35381.0,87568.0,1400.0,09,04,2021
"Congressional District 5 (116th Congress), Connecticut",78198.0,725410.0,42.1,44898.0,75693.0,461734.0,302001.0,54152.0,232129.0,42363.0,59728.0,962.0,09,05,2021
"Congressional Districts not defined (116th Congress), Connecticut",-666666666.0,0.0,-666666666.0,-666666666.0,0.0,0.0,0.0,0.0,0.0,0.0,0.0,-666666666.0,09,ZZ,2021
"Congressional District (at Large) (116th Congress), Delaware",72724.0,981892.0,41.1,38917.0,109274.0,612423.0,414664.0,75737.0,300128.0,57780.0,71962.0,1020.0,10,00,2021
"Delegate District (at Large) (116th Congress), District of Columbia",93547.0,683154.0,34.3,63793.0,100618.0,485206.0,301403.0,48860.0,232484.0,41004.0,106838.0,1595.0,11,98,2021
"Congressional District 1 (116th Congress), Florida",64607.0,797259.0,38.8,34142.0,92833.0,511411.0,319973.0,70323.0,263411.0,51438.0,44605.0,922.0,12,01,2021
"Congressional District 2 (116th Congress), Florida",55405.0,729598.0,42.6,30076.0,95495.0,452598.0,294621.0,65089.0,238171.0,75409.0,34355.0,812.0,12,02,2021
"Congressional District 3 (116th Congress), Florida",56028.0,761626.0,37.7,30518.0,121968.0,494414.0,317415.0,78274.0,246275.0,64935.0,39902.0,858.0,12,03,2021
"Congressional District 4 (116th Congress), Florida",79631.0,851023.0,39.9,43580.0,71323.0,544887.0,350978.0,70854.0,272384.0,40476.0,66821.0,1191.0,12,04,2021
"Congressional District 5 (116th Congress), Florida",45619.0,748057.0,34.6,24254.0,158393.0,498181.0,310412.0,73172.0,243976.0,67654.0,26174.0,827.0,12,05,2021
"Congressional District 6 (116th Congress), Florida",58634.0,789744.0,47.5,33121.0,95644.0,466528.0,343145.0,73147.0,230088.0,54195.0,37256.0,992.0,12,06,2021
"Congressional District 7 (116th Congress), Florida",70822.0,781734.0,37.0,38164.0,86213.0,535155.0,333436.0,72407.0,265464.0,49318.0,59222.0,1237.0,12,07,2021
"Congressional District 8 (116th Congress), Florida",63387.0,775458.0,48.3,37018.0,82097.0,457377.0,335785.0,69396.0,226967.0,49550.0,55192.0,1000.0,12,08,2021
"Congressional District 9 (116th Congress), Florida",58995.0,930697.0,38.1,27676.0,123453.0,595964.0,380540.0,92985.0,295599.0,64333.0,41758.0,1146.0,12,09,2021
"Congressional District 10 (116th Congress), Florida",63355.0,867042.0,36.1,32096.0,124237.0,579753.0,351115.0,76677.0,285266.0,53358.0,46043.0,1180.0,12,10,2021
"Congressional District 11 (116th Congress), Florida",54163.0,805200.0,55.1,31066.0,97655.0,406107.0,358953.0,73215.0,199040.0,59822.0,40258.0,838.0,12,11,2021
"Congressional District 12 (116th Congress), Florida",60121.0,798316.0,46.4,35249.0,88238.0,472541.0,346918.0,72382.0,230518.0,49595.0,46371.0,1015.0,12,12,2021
"Congressional District 13 (116th Congress), Florida",59761.0,725783.0,47.3,38833.0,87420.0,450582.0,320550.0,54400.0,222863.0,45270.0,45025.0,1063.0,12,13,2021
"Congressional District 14 (116th Congress), Florida",61291.0,788149.0,36.9,38296.0,119527.0,534354.0,326771.0,68003.0,265649.0,49134.0,53892.0,1096.0,12,14,2021
"Congressional District 15 (116th Congress), Florida",61727.0,812631.0,39.0,30776.0,104375.0,519352.0,336258.0,76705.0,256683.0,54447.0,38289.0,1086.0,12,15,2021
"Congressional District 16 (116th Congress), Florida",69485.0,861259.0,47.3,40486.0,86910.0,485856.0,370789.0,68675.0,238307.0,46296.0,63191.0,1238.0,12,16,2021
"Congressional District 17 (116th Congress), Florida",56938.0,773890.0,52.3,33650.0,97975.0,410762.0,333462.0,65798.0,207876.0,57394.0,38944.0,862.0,12,17,2021
"Congressional District 18 (116th Congress), Florida",69054.0,783441.0,48.0,43139.0,76820.0,454354.0,337890.0,61626.0,224731.0,45004.0,50215.0,1298.0,12,18,2021
"Congressional District 19 (116th Congress), Florida",66647.0,826628.0,51.6,45210.0,89138.0,446381.0,364379.0,66743.0,218097.0,43453.0,56877.0,1215.0,12,19,2021
"Congressional District 20 (116th Congress), Florida",52991.0,787098.0,37.3,25855.0,133826.0,510310.0,323344.0,65775.0,251095.0,56124.0,31457.0,1218.0,12,20,2021
"Congressional District 21 (116th Congress), Florida",67178.0,784165.0,46.2,42583.0,87477.0,455141.0,337951.0,59355.0,228491.0,38707.0,56819.0,1391.0,12,21,2021
"Congressional District 22 (116th Congress), Florida",71291.0,767612.0,44.5,46999.0,77339.0,477636.0,323999.0,57273.0,240391.0,38922.0,61404.0,1459.0,12,22,2021
"Congressional District 23 (116th Congress), Florida",72175.0,762612.0,41.9,40788.0,81936.0,487616.0,325517.0,64949.0,237050.0,39639.0,60266.0,1528.0,12,23,2021
"Congressional District 24 (116th Congress), Florida",47027.0,748479.0,37.8,24488.0,144991.0,492467.0,308148.0,74358.0,245161.0,58842.0,28768.0,1163.0,12,24,2021
"Congressional District 25 (116th Congress), Florida",58973.0,769234.0,42.5,28313.0,111563.0,496017.0,321575.0,68465.0,253360.0,45519.0,37286.0,1339.0,12,25,2021
"Congressional District 26 (116th Congress), Florida",65877.0,785278.0,39.7,28573.0,111416.0,512669.0,324738.0,75564.0,257623.0,53498.0,34179.0,1393.0,12,26,2021
"Congressional District 27 (116th Congress), Florida",65458.0,727749.0,41.9,46018.0,96350.0,481646.0,313137.0,62521.0,243787.0,39883.0,58702.0,1407.0,12,27,2021
"Congressional District 1 (116th Congress), Georgia",57940.0,752393.0,36.3,31053.0,113909.0,480991.0,303763.0,70166.0,240112.0,53303.0,36601.0,857.0,13,01,2021
"Congressional District 2 (116th Congress), Georgia",43151.0,671948.0,36.7,24339.0,151002.0,424192.0,271960.0,71725.0,212165.0,67439.0,24538.0,586.0,13,02,2021
"Congressional District 3 (116th Congress), Georgia",68315.0,756277.0,38.5,33898.0,94607.0,483364.0,311654.0,73927.0,236270.0,47614.0,37348.0,815.0,13,03,2021
"Congressional District 4 (116th Congress), Georgia",63415.0,768431.0,36.8,30218.0,101575.0,506535.0,320152.0,67183.0,241019.0,51325.0,47502.0,997.0,13,04,2021
"Congressional District 5 (116th Congress), Georgia",61917.0,778225.0,33.7,43003.0,134522.0,543918.0,329214.0,65326.0,266963.0,57165.0,70220.0,1028.0,13,05,2021
"Congressional District 6 (116th Congress), Georgia",104703.0,757644.0,38.8,57536.0,50424.0,498553.0,305673.0,61237.0,247573.0,29089.0,100739.0,1356.0,13,06,2021
"Congressional District 7 (116th Congress), Georgia",83800.0,854516.0,36.2,37948.0,81273.0,560567.0,335382.0,75362.0,275830.0,41936.0,65464.0,1248.0,13,07,2021
"Congressional District 8 (116th Congress), Georgia",53827.0,715067.0,37.4,27801.0,125685.0,453496.0,291862.0,72727.0,224130.0,59845.0,32227.0,634.0,13,08,2021
"Congressional District 9 (116th Congress), Georgia",64024.0,770045.0,41.1,31900.0,100508.0,476178.0,315125.0,72210.0,237691.0,43802.0,33969.0,702.0,13,09,2021
"Congressional District 10 (116th Congress), Georgia",64359.0,765152.0,37.4,31966.0,104527.0,494436.0,311361.0,71367.0,245248.0,56615.0,39298.0,743.0,13,10,2021
"Congressional District 11 (116th Congress), Georgia",84218.0,788712.0,37.3,44551.0,67842.0,528250.0,323499.0,66524.0,261884.0,37005.0,58740.0,1187.0,13,11,2021
"Congressional District 12 (116th Congress), Georgia",51850.0,734110.0,35.9,27156.0,131280.0,472920.0,295923.0,75857.0,236961.0,63374.0,28782.0,642.0,13,12,2021
"Congressional District 13 (116th Congress), Georgia",65738.0,788497.0,36.2,31106.0,91879.0,519541.0,330871.0,67858.0,239669.0,48783.0,43471.0,978.0,13,13,2021
"Congressional District 14 (116th Congress), Georgia",58070.0,724598.0,38.3,27861.0,92318.0,462266.0,290881.0,70554.0,231228.0,46855.0,24819.0,623.0,13,14,2021
"Congressional District 1 (116th Congress), Hawaii",91015.0,729555.0,39.9,41430.0,58211.0,461637.0,299389.0,48551.0,238415.0,37869.0,47458.0,1649.0,15,01,2021
"Congressional District 2 (116th Congress), Hawaii",84198.0,723943.0,39.3,36642.0,75529.0,444085.0,287057.0,53302.0,226464.0,42435.0,36391.0,1500.0,15,02,2021
"Congressional District 1 (116th Congress), Idaho",65134.0,941417.0,38.6,32183.0,94632.0,573863.0,368435.0,74097.0,289503.0,47688.0,40197.0,848.0,16,01,2021
"Congressional District 2 (116th Congress), Idaho",61601.0,870200.0,34.9,30780.0,107928.0,544284.0,332261.0,65431.0,278118.0,37443.0,39675.0,794.0,16,02,2021
"Congressional District 1 (116th Congress), Illinois",60555.0,715763.0,38.9,32224.0,115486.0,458506.0,309350.0,67061.0,217579.0,56374.0,46927.0,902.0,17,01,2021
"Congressional District 2 (116th Congress), Illinois",56038.0,686546.0,38.0,28390.0,123673.0,433774.0,291364.0,67388.0,205132.0,55284.0,34455.0,861.0,17,02,2021
"Congressional District 3 (116th Congress), Illinois",77332.0,724550.0,39.1,36348.0,70812.0,460341.0,285704.0,65162.0,236193.0,43070.0,41426.0,967.0,17,03,2021
"Congressional District 4 (116th Congress), Illinois",63991.0,690373.0,34.2,29741.0,98084.0,474114.0,272631.0,68498.0,242540.0,43348.0,34425.0,956.0,17,04,2021
"Congressional District 5 (116th Congress), Illinois",94542.0,752522.0,35.8,59649.0,57993.0,527009.0,315768.0,51189.0,265351.0,32194.0,87317.0,1370.0,17,05,2021
"Congressional District 6 (116th Congress), Illinois",111571.0,732738.0,41.2,54811.0,37704.0,465709.0,298758.0,51532.0,231068.0,27528.0,81650.0,1336.0,17,06,2021
"Congressional District 7 (116th Congress), Illinois",67754.0,738479.0,35.0,48886.0,137776.0,513775.0,320522.0,68504.0,251173.0,65579.0,71415.0,1138.0,17,07,2021
"Congressional District 8 (116th Congress), Illinois",80043.0,720276.0,37.5,36243.0,60916.0,469021.0,288430.0,52345.0,236451.0,30896.0,45850.0,1225.0,17,08,2021
"Congressional District 9 (116th Congress), Illinois",83157.0,745865.0,40.6,51445.0,75692.0,474403.0,309805.0,59086.0,238251.0,38192.0,91869.0,1194.0,17,09,2021
"Congressional District 10 (116th Congress), Illinois",90082.0,722961.0,39.1,49097.0,59457.0,461492.0,290094.0,57380.0,234005.0,33682.0,68200.0,1158.0,17,10,2021
"Congressional District 11 (116th Congress), Illinois",85144.0,706594.0,37.0,39109.0,60319.0,459596.0,281557.0,51461.0,230476.0,31403.0,51395.0,1192.0,17,11,2021
"Congressional District 12 (116th Congress), Illinois",56256.0,679543.0,39.9,30663.0,101118.0,427569.0,276017.0,53586.0,216982.0,53060.0,35263.0,612.0,17,12,2021
"Congressional District 13 (116th Congress), Illinois",56974.0,697929.0,36.9,32113.0,112065.0,460206.0,292498.0,59441.0,232091.0,54426.0,41579.0,673.0,17,13,2021
"Congressional District 14 (116th Congress), Illinois",104214.0,750475.0,39.5,46534.0,38850.0,479445.0,293810.0,50706.0,242255.0,29826.0,61020.0,1144.0,17,14,2021
"Congressional District 15 (116th Congress), Illinois",59320.0,683592.0,41.2,31061.0,84445.0,418866.0,273760.0,53182.0,215454.0,49629.0,26555.0,521.0,17,15,2021
"Congressional District 16 (116th Congress), Illinois",66115.0,693820.0,40.6,33758.0,75758.0,434851.0,281561.0,50561.0,221601.0,39425.0,30577.0,713.0,17,16,2021
"Congressional District 17 (116th Congress), Illinois",52874.0,677247.0,40.8,29000.0,107801.0,415324.0,275796.0,51989.0,209894.0,47105.0,25425.0,585.0,17,17,2021
"Congressional District 18 (116th Congress), Illinois",71011.0,702540.0,40.5,38045.0,65429.0,429242.0,286743.0,49532.0,215095.0,38450.0,44950.0,650.0,17,18,2021
"Congressional Districts not defined (116th Congress), Illinois",-666666666.0,0.0,-666666666.0,-666666666.0,0.0,0.0,0.0,0.0,0.0,0.0,0.0,-666666666.0,17,ZZ,2021
"Congressional District 1 (116th Congress), Indiana",64466.0,729457.0,39.4,32777.0,97805.0,461391.0,297795.0,65406.0,230994.0,52227.0,32662.0,779.0,18,01,2021
"Congressional District 2 (116th Congress), Indiana",59343.0,729091.0,37.9,29846.0,91031.0,451503.0,289898.0,55900.0,226658.0,38336.0,30157.0,681.0,18,02,2021
"Congressional District 3 (116th Congress), Indiana",61830.0,754959.0,37.1,30937.0,81874.0,466868.0,296714.0,56445.0,234657.0,33119.0,30457.0,639.0,18,03,2021
"Congressional District 4 (116th Congress), Indiana",64442.0,761534.0,36.9,32067.0,81438.0,491088.0,303167.0,55337.0,252103.0,43107.0,37152.0,707.0,18,04,2021
"Congressional District 5 (116th Congress), Indiana",78391.0,794485.0,38.4,44759.0,64021.0,505203.0,322999.0,55748.0,249048.0,35997.0,68866.0,888.0,18,05,2021
"Congressional District 6 (116th Congress), Indiana",60389.0,721972.0,40.0,30754.0,88466.0,455637.0,295010.0,57293.0,229587.0,40853.0,33273.0,610.0,18,06,2021
"Congressional District 7 (116th Congress), Indiana",50976.0,782178.0,33.7,27671.0,136271.0,510749.0,314851.0,68060.0,248675.0,50380.0,32996.0,747.0,18,07,2021
"Congressional District 8 (116th Congress), Indiana",56889.0,715129.0,39.8,30815.0,90904.0,447862.0,287660.0,55975.0,229044.0,44065.0,28560.0,586.0,18,08,2021
"Congressional District 9 (116th Congress), Indiana",64034.0,762535.0,38.3,32492.0,87195.0,495381.0,313271.0,60736.0,248605.0,43626.0,40762.0,754.0,18,09,2021
"Congressional District 1 (116th Congress), Iowa",65103.0,778247.0,39.0,34567.0,79672.0,481910.0,313254.0,42655.0,244201.0,32448.0,34375.0,632.0,19,01,2021
"Congressional District 2 (116th Congress), Iowa",62134.0,784135.0,38.2,34106.0,96625.0,492995.0,315092.0,50605.0,250713.0,41617.0,38890.0,679.0,19,02,2021
"Congressional District 3 (116th Congress), Iowa",72492.0,852016.0,37.2,37992.0,79281.0,539818.0,337113.0,50155.0,271715.0,33435.0,44463.0,820.0,19,03,2021
"Congressional District 4 (116th Congress), Iowa",61829.0,764692.0,38.9,32264.0,84117.0,468384.0,303514.0,40933.0,242589.0,30978.0,26328.0,601.0,19,04,2021
"Congressional District 1 (116th Congress), Kansas",55984.0,702619.0,35.8,29623.0,86766.0,435284.0,271097.0,44225.0,227246.0,28984.0,28520.0,617.0,20,01,2021
"Congressional District 2 (116th Congress), Kansas",59626.0,714255.0,38.0,31576.0,89532.0,449177.0,286715.0,48557.0,228911.0,39899.0,42111.0,646.0,20,02,2021
"Congressional District 3 (116th Congress), Kansas",85580.0,785916.0,37.1,45812.0,60834.0,500328.0,312187.0,49846.0,249833.0,28605.0,72067.0,943.0,20,03,2021
"Congressional District 4 (116th Congress), Kansas",60304.0,729309.0,36.8,31751.0,90077.0,450660.0,285965.0,54482.0,227011.0,38422.0,39260.0,641.0,20,04,2021
"Congressional District 1 (116th Congress), Kentucky",49006.0,719030.0,39.9,26502.0,120079.0,442583.0,290487.0,71563.0,224602.0,58009.0,27155.0,517.0,21,01,2021
"Congressional District 2 (116th Congress), Kentucky",56942.0,773346.0,38.6,29848.0,110618.0,491521.0,311225.0,68597.0,247662.0,52394.0,35496.0,607.0,21,02,2021
"Congressional District 3 (116th Congress), Kentucky",60397.0,754909.0,38.2,35681.0,104309.0,484224.0,315308.0,55185.0,238276.0,40815.0,50804.0,780.0,21,03,2021
"Congressional District 4 (116th Congress), Kentucky",70298.0,771347.0,39.3,36148.0,85270.0,489464.0,307453.0,61348.0,246972.0,45620.0,46189.0,689.0,21,04,2021
"Congressional District 5 (116th Congress), Kentucky",38551.0,694860.0,41.0,21709.0,173595.0,434872.0,281669.0,93801.0,220184.0,89081.0,24353.0,445.0,21,05,2021
"Congressional District 6 (116th Congress), Kentucky",58606.0,780649.0,37.1,32833.0,115269.0,510694.0,323056.0,65619.0,252584.0,48307.0,48973.0,708.0,21,06,2021
"Congressional District 1 (116th Congress), Louisiana",64843.0,805369.0,39.1,36084.0,112114.0,504190.0,331739.0,74017.0,247345.0,48871.0,42674.0,898.0,22,01,2021
"Congressional District 2 (116th Congress), Louisiana",44412.0,782637.0,37.4,27302.0,181725.0,509139.0,327706.0,78114.0,246790.0,70699.0,35724.0,816.0,22,02,2021
"Congressional District 3 (116th Congress), Louisiana",55035.0,784283.0,36.8,30222.0,138741.0,493946.0,312904.0,81399.0,244679.0,58647.0,27216.0,676.0,22,03,2021
"Congressional District 4 (116th Congress), Louisiana",44353.0,732845.0,37.4,26743.0,154677.0,456019.0,292974.0,83991.0,230022.0,69221.0,27281.0,629.0,22,04,2021
"Congressional District 5 (116th Congress), Louisiana",43779.0,741889.0,37.7,24660.0,164190.0,468119.0,296723.0,82751.0,238787.0,88234.0,23896.0,546.0,22,05,2021
"Congressional District 6 (116th Congress), Louisiana",69156.0,810282.0,36.2,36135.0,99039.0,525662.0,332342.0,75697.0,257051.0,49116.0,43644.0,870.0,22,06,2021
"Congressional District 1 (116th Congress), Maine",73004.0,699795.0,44.1,40963.0,60934.0,443073.0,301751.0,39780.0,219616.0,30134.0,57387.0,957.0,23,01,2021
"Congressional District 2 (116th Congress), Maine",54363.0,657251.0,45.3,31069.0,85058.0,410899.0,279085.0,50149.0,205150.0,42000.0,31652.0,682.0,23,02,2021
"Congressional District 1 (116th Congress), Maryland",83880.0,741327.0,42.5,41830.0,63935.0,462971.0,307513.0,52814.0,231534.0,40741.0,53058.0,918.0,24,01,2021
"Congressional District 2 (116th Congress), Maryland",77448.0,782892.0,36.9,38172.0,84591.0,517240.0,327677.0,60876.0,251080.0,47740.0,58994.0,1200.0,24,02,2021
"Congressional District 3 (116th Congress), Maryland",97847.0,762898.0,37.7,50894.0,57290.0,496687.0,322272.0,53964.0,241139.0,34020.0,87382.0,1447.0,24,03,2021
"Congressional District 4 (116th Congress), Maryland",91696.0,790373.0,38.3,43489.0,66938.0,511977.0,325164.0,53841.0,250979.0,35812.0,63020.0,1445.0,24,04,2021
"Congressional District 5 (116th Congress), Maryland",109642.0,786660.0,38.7,45830.0,52828.0,523038.0,325158.0,59024.0,258382.0,42072.0,68636.0,1533.0,24,05,2021
"Congressional District 6 (116th Congress), Maryland",90692.0,784464.0,39.4,45129.0,71074.0,508322.0,317676.0,58000.0,256583.0,48175.0,76989.0,1329.0,24,06,2021
"Congressional District 7 (116th Congress), Maryland",68441.0,718069.0,38.7,41000.0,104818.0,466487.0,308027.0,64083.0,224936.0,54220.0,68498.0,1041.0,24,07,2021
"Congressional District 8 (116th Congress), Maryland",116245.0,781862.0,40.2,60527.0,48600.0,494953.0,323923.0,50432.0,244478.0,31484.0,102014.0,1704.0,24,08,2021
"Congressional District 1 (116th Congress), Massachusetts",64133.0,730273.0,41.5,35772.0,94927.0,465749.0,313978.0,60473.0,227133.0,51095.0,49921.0,833.0,25,01,2021
"Congressional District 2 (116th Congress), Massachusetts",79154.0,775094.0,39.3,40704.0,76515.0,518760.0,331267.0,58358.0,255681.0,44183.0,68505.0,995.0,25,02,2021
"Congressional District 3 (116th Congress), Massachusetts",86547.0,791898.0,39.1,43322.0,76525.0,521265.0,321166.0,57606.0,261847.0,46784.0,69587.0,1132.0,25,03,2021
"Congressional District 4 (116th Congress), Massachusetts",110624.0,771803.0,41.0,59554.0,48670.0,498986.0,326397.0,52934.0,243065.0,34850.0,89790.0,1301.0,25,04,2021
"Congressional District 5 (116th Congress), Massachusetts",110721.0,791364.0,38.8,60375.0,58347.0,527472.0,337407.0,49892.0,262437.0,36123.0,115487.0,1737.0,25,05,2021
"Congressional District 6 (116th Congress), Massachusetts",101111.0,774573.0,42.8,52096.0,55700.0,496229.0,331480.0,48350.0,244944.0,32958.0,81102.0,1367.0,25,06,2021
"Congressional District 7 (116th Congress), Massachusetts",77961.0,799546.0,32.2,44436.0,132828.0,592006.0,351668.0,59778.0,292555.0,50127.0,78927.0,1637.0,25,07,2021
"Congressional District 8 (116th Congress), Massachusetts",103338.0,786564.0,39.4,55206.0,57114.0,525283.0,338844.0,47994.0,258503.0,35571.0,85418.0,1599.0,25,08,2021
"Congressional District 9 (116th Congress), Massachusetts",80080.0,770737.0,46.1,45273.0,68154.0,472125.0,332579.0,50550.0,235136.0,37841.0,62266.0,890.0,25,09,2021
"Congressional District 1 (116th Congress), Michigan",55820.0,704864.0,46.7,31550.0,85101.0,425284.0,290385.0,51605.0,220478.0,49349.0,38086.0,612.0,26,01,2021
"Congressional District 2 (116th Congress), Michigan",65057.0,753783.0,37.4,31485.0,77692.0,475795.0,302869.0,52948.0,238765.0,38941.0,35932.0,807.0,26,02,2021
"Congressional District 3 (116th Congress), Michigan",67902.0,750350.0,37.2,35077.0,82836.0,481161.0,298274.0,54374.0,244418.0,39607.0,44876.0,799.0,26,03,2021
"Congressional District 4 (116th Congress), Michigan",56729.0,697813.0,41.8,30588.0,92676.0,438580.0,285794.0,59483.0,224035.0,54609.0,29937.0,626.0,26,04,2021
"Congressional District 5 (116th Congress), Michigan",51356.0,672455.0,41.4,29480.0,116597.0,417203.0,281590.0,63200.0,205127.0,52999.0,26137.0,617.0,26,05,2021
"Congressional District 6 (116th Congress), Michigan",61287.0,720211.0,38.9,32986.0,94563.0,452183.0,292852.0,53395.0,226604.0,39587.0,40460.0,700.0,26,06,2021
"Congressional District 7 (116th Congress), Michigan",66229.0,714616.0,42.1,34214.0,70684.0,448518.0,288268.0,55501.0,230924.0,47154.0,37860.0,725.0,26,07,2021
"Congressional District 8 (116th Congress), Michigan",79136.0,739057.0,38.5,41452.0,69558.0,486986.0,305035.0,55470.0,243817.0,36980.0,63724.0,864.0,26,08,2021
"Congressional District 9 (116th Congress), Michigan",66720.0,721023.0,40.2,38851.0,78897.0,472321.0,306605.0,57432.0,235921.0,39158.0,45591.0,886.0,26,09,2021
"Congressional District 10 (116th Congress), Michigan",71124.0,723323.0,43.4,36109.0,68212.0,456768.0,296795.0,59282.0,230901.0,39170.0,36913.0,771.0,26,10,2021
"Congressional District 11 (116th Congress), Michigan",93529.0,754129.0,42.2,49784.0,43349.0,485619.0,312757.0,58043.0,243846.0,30319.0,85948.0,1046.0,26,11,2021
"Congressional District 12 (116th Congress), Michigan",65329.0,742875.0,35.7,36704.0,113920.0,494429.0,309745.0,67044.0,246407.0,46090.0,56482.0,929.0,26,12,2021
"Congressional District 13 (116th Congress), Michigan",40378.0,674752.0,35.9,22943.0,178455.0,429381.0,276754.0,74667.0,208111.0,65722.0,21945.0,717.0,26,13,2021
"Congressional District 14 (116th Congress), Michigan",53033.0,693261.0,38.0,33364.0,137518.0,439209.0,293754.0,70999.0,210911.0,58478.0,51581.0,797.0,26,14,2021
"Congressional Districts not defined (116th Congress), Michigan",-666666666.0,0.0,-666666666.0,-666666666.0,0.0,0.0,0.0,0.0,0.0,0.0,0.0,-666666666.0,26,ZZ,2021
"Congressional District 1 (116th Congress), Minnesota",69752.0,687886.0,38.4,36353.0,67829.0,426226.0,273246.0,31762.0,217246.0,26271.0,33356.0,745.0,27,01,2021
"Congressional District 2 (116th Congress), Minnesota",94315.0,725672.0,37.9,44286.0,38847.0,464391.0,286783.0,36086.0,233134.0,23384.0,46436.0,1139.0,27,02,2021
"Congressional District 3 (116th Congress), Minnesota",101064.0,732483.0,40.4,54914.0,40716.0,462826.0,297714.0,39740.0,229643.0,24183.0,68967.0,1283.0,27,03,2021
"Congressional District 4 (116th Congress), Minnesota",78396.0,721898.0,36.4,42600.0,79101.0,463519.0,292232.0,41576.0,230494.0,32108.0,58095.0,1055.0,27,04,2021
"Congressional District 5 (116th Congress), Minnesota",72686.0,728368.0,34.3,43816.0,95500.0,500131.0,294707.0,37459.0,256539.0,32392.0,63316.0,1093.0,27,05,2021
"Congressional District 6 (116th Congress), Minnesota",88506.0,727471.0,37.3,39595.0,46280.0,468036.0,279619.0,35639.0,239370.0,27687.0,34695.0,943.0,27,06,2021
"Congressional District 7 (116th Congress), Minnesota",63314.0,672622.0,40.2,32949.0,70981.0,398031.0,262853.0,35244.0,204807.0,26008.0,21695.0,630.0,27,07,2021
"Congressional District 8 (116th Congress), Minnesota",63595.0,674072.0,43.1,33598.0,73058.0,411275.0,270454.0,40269.0,212604.0,37549.0,27944.0,716.0,27,08,2021
"Congressional District 1 (116th Congress), Mississippi",53985.0,757560.0,38.2,28060.0,114174.0,478470.0,311705.0,75499.0,234034.0,56121.0,30514.0,598.0,28,01,2021
"Congressional District 2 (116th Congress), Mississippi",39575.0,685584.0,37.2,22355.0,170184.0,429404.0,280944.0,78574.0,209999.0,76810.0,26459.0,533.0,28,02,2021
"Congressional District 3 (116th Congress), Mississippi",51441.0,748808.0,37.7,28914.0,135743.0,473509.0,309959.0,75924.0,231820.0,64088.0,38025.0,663.0,28,03,2021
"Congressional District 4 (116th Congress), Mississippi",51235.0,775071.0,38.0,27486.0,137010.0,490103.0,315463.0,81054.0,242131.0,61493.0,32530.0,703.0,28,04,2021
"Congressional District 1 (116th Congress), Missouri",51529.0,720952.0,36.3,32428.0,122007.0,478397.0,310507.0,54627.0,227459.0,47925.0,51632.0,734.0,29,01,2021
"Congressional District 2 (116th Congress), Missouri",92112.0,770323.0,42.4,52209.0,39673.0,475214.0,322932.0,48779.0,236731.0,29289.0,85937.0,950.0,29,02,2021
"Congressional District 3 (116th Congress), Missouri",73398.0,800026.0,39.7,35101.0,66319.0,507156.0,320435.0,55111.0,256819.0,40483.0,42718.0,670.0,29,03,2021
"Congressional District 4 (116th Congress), Missouri",56694.0,775737.0,37.0,29520.0,108897.0,491800.0,311563.0,61508.0,250030.0,47635.0,38091.0,628.0,29,04,2021
"Congressional District 5 (116th Congress), Missouri",57637.0,784962.0,37.1,32695.0,109595.0,501936.0,323683.0,57278.0,247781.0,42203.0,43537.0,764.0,29,05,2021
"Congressional District 6 (116th Congress), Missouri",67221.0,778899.0,38.7,33553.0,78442.0,487684.0,311635.0,56930.0,245479.0,44520.0,41698.0,678.0,29,06,2021
"Congressional District 7 (116th Congress), Missouri",52910.0,788437.0,38.5,28787.0,115132.0,491527.0,323126.0,66330.0,244565.0,48777.0,34147.0,622.0,29,07,2021
"Congressional District 8 (116th Congress), Missouri",48309.0,722198.0,40.7,25380.0,121958.0,443227.0,290013.0,68077.0,226461.0,62596.0,25332.0,488.0,29,08,2021
"Congressional District (at Large) (116th Congress), Montana",60560.0,1077978.0,40.0,34423.0,131512.0,670145.0,432970.0,71423.0,341728.0,52360.0,57507.0,772.0,30,00,2021
"Congressional District 1 (116th Congress), Nebraska",66868.0,657029.0,35.9,34201.0,66009.0,414597.0,255945.0,35384.0,213450.0,24518.0,35101.0,750.0,31,01,2021
"Congressional District 2 (116th Congress), Nebraska",74752.0,693079.0,35.3,39748.0,65157.0,443262.0,270773.0,41932.0,221783.0,27175.0,47517.0,860.0,31,02,2021
"Congressional District 3 (116th Congress), Nebraska",58743.0,601372.0,39.6,31015.0,64289.0,355785.0,236049.0,31576.0,182356.0,22534.0,20767.0,564.0,31,03,2021
"Congressional District 1 (116th Congress), Nevada",45483.0,688773.0,36.8,25074.0,138669.0,456794.0,271325.0,73282.0,234839.0,52762.0,16137.0,924.0,32,01,2021
"Congressional District 2 (116th Congress), Nevada",72977.0,748896.0,39.7,38773.0,77157.0,473890.0,295493.0,57917.0,245822.0,39399.0,38234.0,1058.0,32,02,2021
"Congressional District 3 (116th Congress), Nevada",79844.0,840860.0,39.6,42476.0,74273.0,540596.0,344102.0,67799.0,270296.0,45431.0,50722.0,1323.0,32,03,2021
"Congressional District 4 (116th Congress), Nevada",65742.0,780709.0,37.0,30603.0,98715.0,489421.0,304598.0,73764.0,247694.0,56068.0,29386.0,1098.0,32,04,2021
"Congressional District 1 (116th Congress), New Hampshire",84502.0,694723.0,42.3,44705.0,50350.0,456125.0,293831.0,42844.0,228221.0,26657.0,55884.0,1110.0,33,01,2021
"Congressional District 2 (116th Congress), New Hampshire",82270.0,677452.0,43.7,43027.0,48079.0,438507.0,283451.0,43527.0,223488.0,34418.0,55102.0,1029.0,33,02,2021
"Congressional District 1 (116th Congress), New Jersey",77735.0,748305.0,39.1,39534.0,81150.0,482679.0,311763.0,57384.0,238201.0,44205.0,45289.0,1040.0,34,01,2021
"Congressional District 2 (116th Congress), New Jersey",71713.0,732891.0,42.4,38021.0,85529.0,456845.0,304031.0,58881.0,229115.0,45135.0,38056.0,971.0,34,02,2021
"Congressional District 3 (116th Congress), New Jersey",90408.0,753485.0,43.9,45963.0,46191.0,471771.0,319877.0,51452.0,236939.0,41576.0,51110.0,1348.0,34,03,2021
"Congressional District 4 (116th Congress), New Jersey",95243.0,790796.0,40.3,48247.0,70946.0,466411.0,317153.0,54907.0,232897.0,41123.0,65407.0,1365.0,34,04,2021
"Congressional District 5 (116th Congress), New Jersey",115768.0,747027.0,43.3,56869.0,37851.0,471995.0,311225.0,55552.0,234518.0,36820.0,73939.0,1432.0,34,05,2021
"Congressional District 6 (116th Congress), New Jersey",94689.0,762161.0,38.4,43128.0,70533.0,511097.0,313751.0,70923.0,257136.0,47331.0,66009.0,1437.0,34,06,2021
"Congressional District 7 (116th Congress), New Jersey",125465.0,757080.0,43.2,64020.0,35734.0,486788.0,313497.0,55759.0,242692.0,34971.0,91117.0,1468.0,34,07,2021
"Congressional District 8 (116th Congress), New Jersey",69812.0,806843.0,35.6,41208.0,119260.0,561884.0,326429.0,74191.0,286975.0,45657.0,62407.0,1332.0,34,08,2021
"Congressional District 9 (116th Congress), New Jersey",79452.0,785894.0,38.3,39633.0,102699.0,511711.0,323181.0,70503.0,254704.0,45195.0,49439.0,1320.0,34,09,2021
"Congressional District 10 (116th Congress), New Jersey",63053.0,811105.0,36.2,34172.0,132161.0,537490.0,335891.0,76637.0,263019.0,63717.0,46129.0,1147.0,34,10,2021
"Congressional District 11 (116th Congress), New Jersey",126661.0,757864.0,43.2,62558.0,32177.0,482360.0,318585.0,51861.0,240082.0,33321.0,93092.0,1617.0,34,11,2021
"Congressional District 12 (116th Congress), New Jersey",95129.0,780573.0,39.9,48123.0,69665.0,500746.0,320776.0,64732.0,250755.0,42611.0,81890.0,1348.0,34,12,2021
"Congressional District 1 (116th Congress), New Mexico",56174.0,693653.0,38.9,33399.0,113783.0,446087.0,288245.0,62892.0,223502.0,49270.0,53367.0,818.0,35,01,2021
"Congressional District 2 (116th Congress), New Mexico",49266.0,711510.0,36.6,25475.0,141066.0,434670.0,276949.0,75332.0,221785.0,61118.0,31084.0,647.0,35,02,2021
"Congressional District 3 (116th Congress), New Mexico",56086.0,704203.0,39.6,30097.0,124047.0,432270.0,286438.0,71307.0,215451.0,59119.0,43020.0,814.0,35,03,2021
"Congressional District 1 (116th Congress), New York",106887.0,738752.0,42.5,50292.0,49710.0,472446.0,306830.0,59915.0,238910.0,45465.0,66348.0,1776.0,36,01,2021
"Congressional District 2 (116th Congress), New York",114856.0,730154.0,40.5,45019.0,43908.0,481981.0,303124.0,55072.0,242372.0,41006.0,58976.0,1716.0,36,02,2021
"Congressional District 3 (116th Congress), New York",129774.0,742196.0,45.2,64624.0,42239.0,451021.0,313211.0,61349.0,222845.0,36978.0,92084.0,1863.0,36,03,2021
"Congressional District 4 (116th Congress), New York",121558.0,747392.0,40.6,50452.0,42383.0,477095.0,309471.0,57349.0,237802.0,40464.0,72762.0,1745.0,36,04,2021
"Congressional District 5 (116th Congress), New York",80351.0,813708.0,39.1,32069.0,87360.0,534276.0,348334.0,80405.0,258141.0,61585.0,43720.0,1426.0,36,05,2021
"Congressional District 6 (116th Congress), New York",74575.0,760652.0,41.9,37222.0,85344.0,490192.0,327336.0,73632.0,240394.0,43643.0,63387.0,1627.0,36,06,2021
"Congressional District 7 (116th Congress), New York",68032.0,752935.0,34.3,40351.0,161580.0,507269.0,302847.0,73212.0,254368.0,57500.0,54114.0,1482.0,36,07,2021
"Congressional District 8 (116th Congress), New York",62483.0,818072.0,36.7,36383.0,160143.0,536461.0,366716.0,84529.0,245793.0,66685.0,63612.0,1357.0,36,08,2021
"Congressional District 9 (116th Congress), New York",68747.0,757933.0,37.6,40438.0,113096.0,494481.0,332830.0,67123.0,230121.0,56562.0,68601.0,1404.0,36,09,2021
"Congressional District 10 (116th Congress), New York",103575.0,763710.0,36.8,79783.0,110281.0,502641.0,323367.0,61618.0,247302.0,45204.0,107525.0,1901.0,36,10,2021
"Congressional District 11 (116th Congress), New York",81867.0,761248.0,40.3,38913.0,91045.0,486105.0,319326.0,80039.0,239669.0,53991.0,60153.0,1406.0,36,11,2021
"Congressional District 12 (116th Congress), New York",120915.0,741461.0,36.5,100851.0,72574.0,538675.0,343726.0,52498.0,263356.0,36859.0,128994.0,2264.0,36,12,2021
"Congressional District 13 (116th Congress), New York",48638.0,780893.0,36.2,31751.0,188064.0,536323.0,340042.0,80836.0,260468.0,65987.0,56707.0,1233.0,36,13,2021
"Congressional District 14 (116th Congress), New York",66714.0,717057.0,37.9,31257.0,96224.0,481250.0,290802.0,69308.0,248901.0,49796.0,41323.0,1531.0,36,14,2021
"Congressional District 15 (116th Congress), New York",34252.0,755887.0,32.5,18827.0,249335.0,493705.0,309249.0,99030.0,233742.0,75641.0,16123.0,1068.0,36,15,2021
"Congressional District 16 (116th Congress), New York",79013.0,774781.0,40.4,50302.0,88067.0,489478.0,336397.0,68159.0,233320.0,49343.0,75353.0,1401.0,36,16,2021
"Congressional District 17 (116th Congress), New York",109618.0,761994.0,38.9,52466.0,76642.0,473033.0,303940.0,56733.0,239080.0,44497.0,83008.0,1608.0,36,17,2021
"Congressional District 18 (116th Congress), New York",94053.0,743362.0,39.7,45080.0,68629.0,477038.0,298935.0,59151.0,242197.0,48688.0,65295.0,1223.0,36,18,2021
"Congressional District 19 (116th Congress), New York",70565.0,701650.0,45.0,38163.0,77120.0,444127.0,292481.0,53239.0,228132.0,54647.0,54084.0,878.0,36,19,2021
"Congressional District 20 (116th Congress), New York",75361.0,743851.0,39.3,40854.0,80746.0,488374.0,318771.0,54394.0,241212.0,42973.0,70983.0,938.0,36,20,2021
"Congressional District 21 (116th Congress), New York",62887.0,708621.0,41.2,32652.0,83015.0,454348.0,282364.0,56443.0,240106.0,58550.0,44248.0,752.0,36,21,2021
"Congressional District 22 (116th Congress), New York",59751.0,697709.0,41.0,31929.0,96905.0,441771.0,288772.0,60049.0,224147.0,51183.0,41514.0,667.0,36,22,2021
"Congressional District 23 (116th Congress), New York",57407.0,694520.0,40.8,31164.0,97785.0,441058.0,287549.0,58485.0,223853.0,54337.0,45504.0,693.0,36,23,2021
"Congressional District 24 (116th Congress), New York",64433.0,716288.0,40.2,34970.0,95203.0,457000.0,299135.0,57320.0,226938.0,46780.0,52127.0,778.0,36,24,2021
"Congressional District 25 (116th Congress), New York",65722.0,730626.0,39.1,37437.0,97761.0,470218.0,312049.0,53292.0,229602.0,44571.0,67113.0,874.0,36,25,2021
"Congressional District 26 (116th Congress), New York",55738.0,738583.0,38.4,33248.0,123894.0,480111.0,316996.0,60893.0,234979.0,47691.0,54693.0,739.0,36,26,2021
"Congressional District 27 (116th Congress), New York",71541.0,720710.0,44.4,38582.0,57770.0,452791.0,297975.0,49321.0,231315.0,43805.0,58421.0,732.0,36,27,2021
"Congressional District 1 (116th Congress), North Carolina",50212.0,741907.0,38.1,29847.0,136670.0,480030.0,319655.0,71294.0,230988.0,63170.0,42861.0,685.0,37,01,2021
"Congressional District 2 (116th Congress), North Carolina",78555.0,892874.0,39.0,38595.0,84173.0,566956.0,354578.0,77591.0,281000.0,46751.0,60524.0,805.0,37,02,2021
"Congressional District 3 (116th Congress), North Carolina",56212.0,752206.0,37.5,30205.0,100596.0,475962.0,296029.0,67227.0,251377.0,47102.0,34351.0,711.0,37,03,2021
"Congressional District 4 (116th Congress), North Carolina",80354.0,867309.0,35.2,44621.0,86665.0,603717.0,366033.0,70210.0,295152.0,46268.0,98427.0,1123.0,37,04,2021
"Congressional District 5 (116th Congress), North Carolina",52773.0,756848.0,41.0,30608.0,117263.0,480579.0,320539.0,70439.0,236678.0,53265.0,37211.0,653.0,37,05,2021
"Congressional District 6 (116th Congress), North Carolina",57137.0,789755.0,41.1,31862.0,113181.0,494506.0,330528.0,71324.0,241483.0,51601.0,36268.0,645.0,37,06,2021
"Congressional District 7 (116th Congress), North Carolina",56624.0,772968.0,42.1,32559.0,116454.0,478356.0,328062.0,70080.0,235257.0,50988.0,37063.0,748.0,37,07,2021
"Congressional District 8 (116th Congress), North Carolina",59198.0,805788.0,36.1,30823.0,107071.0,512533.0,321568.0,72165.0,257333.0,48478.0,40061.0,761.0,37,08,2021
"Congressional District 9 (116th Congress), North Carolina",69676.0,764664.0,39.5,40207.0,100046.0,481491.0,309953.0,73020.0,237245.0,51469.0,48602.0,729.0,37,09,2021
"Congressional District 10 (116th Congress), North Carolina",55461.0,769560.0,42.1,31013.0,101561.0,483881.0,326739.0,70895.0,237307.0,49227.0,37055.0,659.0,37,10,2021
"Congressional District 11 (116th Congress), North Carolina",52667.0,766426.0,45.3,30559.0,102299.0,465963.0,328690.0,65580.0,231986.0,52143.0,41121.0,642.0,37,11,2021
"Congressional District 12 (116th Congress), North Carolina",66749.0,895417.0,34.2,38546.0,105527.0,618389.0,370679.0,69649.0,299379.0,42514.0,67426.0,1101.0,37,12,2021
"Congressional District 13 (116th Congress), North Carolina",57508.0,791300.0,39.6,32527.0,108166.0,507933.0,334747.0,70188.0,247378.0,46059.0,40219.0,738.0,37,13,2021
"Congressional District (at Large) (116th Congress), North Dakota",68131.0,773344.0,35.2,37343.0,80390.0,489773.0,295845.0,39871.0,257247.0,28239.0,32085.0,764.0,38,00,2021
"Congressional District 1 (116th Congress), Ohio",67294.0,763591.0,37.0,37809.0,101619.0,487696.0,307856.0,55031.0,242669.0,43271.0,53470.0,728.0,39,01,2021
"Congressional District 2 (116th Congress), Ohio",65340.0,732156.0,39.8,38045.0,91470.0,462255.0,302070.0,59350.0,229324.0,43111.0,49080.0,708.0,39,02,2021
"Congressional District 3 (116th Congress), Ohio",53818.0,804631.0,32.7,29069.0,152296.0,542853.0,325427.0,62875.0,267217.0,45188.0,39781.0,812.0,39,03,2021
"Congressional District 4 (116th Congress), Ohio",60187.0,715108.0,40.8,31125.0,80190.0,447896.0,288320.0,53123.0,229091.0,45466.0,27600.0,589.0,39,04,2021
"Congressional District 5 (116th Congress), Ohio",65721.0,728981.0,39.7,35214.0,70758.0,454400.0,298280.0,48448.0,227228.0,34149.0,39424.0,627.0,39,05,2021
"Congressional District 6 (116th Congress), Ohio",53167.0,689093.0,43.6,28785.0,98574.0,423053.0,281579.0,64192.0,216315.0,51424.0,25759.0,529.0,39,06,2021
"Congressional District 7 (116th Congress), Ohio",62453.0,737294.0,40.8,31205.0,84377.0,448135.0,298394.0,55521.0,224689.0,34292.0,30114.0,597.0,39,07,2021
"Congressional District 8 (116th Congress), Ohio",65725.0,742413.0,39.0,32889.0,80787.0,464613.0,301087.0,56021.0,231868.0,40689.0,35953.0,658.0,39,08,2021
"Congressional District 9 (116th Congress), Ohio",49073.0,707993.0,38.6,29392.0,133264.0,456512.0,294404.0,56367.0,226244.0,47728.0,30494.0,650.0,39,09,2021
"Congressional District 10 (116th Congress), Ohio",60211.0,727632.0,38.9,33910.0,100608.0,457714.0,304121.0,56377.0,225837.0,40946.0,50028.0,692.0,39,10,2021
"Congressional District 11 (116th Congress), Ohio",43082.0,690420.0,38.6,31853.0,159217.0,440881.0,301126.0,61998.0,209143.0,55755.0,40486.0,699.0,39,11,2021
"Congressional District 12 (116th Congress), Ohio",82486.0,801233.0,39.1,43347.0,68993.0,511230.0,320988.0,55142.0,259045.0,40493.0,67015.0,854.0,39,12,2021
"Congressional District 13 (116th Congress), Ohio",50500.0,703031.0,40.8,28939.0,117613.0,448613.0,300139.0,59179.0,222703.0,44522.0,30916.0,638.0,39,13,2021
"Congressional District 14 (116th Congress), Ohio",75337.0,726849.0,43.9,42235.0,57540.0,445856.0,302422.0,48921.0,224228.0,32684.0,51920.0,817.0,39,14,2021
"Congressional District 15 (116th Congress), Ohio",72124.0,764503.0,38.3,37097.0,81086.0,502229.0,305188.0,55250.0,259925.0,53910.0,50251.0,853.0,39,15,2021
"Congressional District 16 (116th Congress), Ohio",75265.0,734995.0,43.3,40073.0,50571.0,450744.0,305448.0,48686.0,225540.0,28774.0,52263.0,798.0,39,16,2021
"Congressional District 1 (116th Congress), Oklahoma",61601.0,822185.0,36.6,34819.0,110152.0,515561.0,328483.0,68452.0,255754.0,43598.0,40558.0,748.0,40,01,2021
"Congressional District 2 (116th Congress), Oklahoma",47813.0,726329.0,39.8,25394.0,131290.0,440140.0,290459.0,75128.0,222279.0,64533.0,21556.0,522.0,40,02,2021
"Congressional District 3 (116th Congress), Oklahoma",57700.0,783317.0,36.9,29124.0,111376.0,491097.0,303087.0,67971.0,255773.0,56319.0,29794.0,597.0,40,03,2021
"Congressional District 4 (116th Congress), Oklahoma",61545.0,797930.0,36.4,31460.0,101311.0,511930.0,318505.0,70573.0,260124.0,51443.0,37589.0,714.0,40,04,2021
"Congressional District 5 (116th Congress), Oklahoma",57157.0,818375.0,35.3,33369.0,129724.0,519666.0,326060.0,73715.0,256392.0,47896.0,44223.0,729.0,40,05,2021
"Congressional District 1 (116th Congress), Oregon",86649.0,856074.0,38.3,44200.0,73009.0,563818.0,349034.0,67008.0,284434.0,42267.0,68330.0,1343.0,41,01,2021
"Congressional District 2 (116th Congress), Oregon",61570.0,843033.0,41.7,32861.0,106563.0,508643.0,341641.0,67661.0,258345.0,55894.0,43450.0,889.0,41,02,2021
"Congressional District 3 (116th Congress), Oregon",76658.0,844479.0,38.1,42100.0,101923.0,582999.0,352613.0,59237.0,294752.0,46396.0,70908.0,1255.0,41,03,2021
"Congressional District 4 (116th Congress), Oregon",57728.0,818485.0,41.4,32177.0,125405.0,511415.0,347329.0,69164.0,255332.0,55590.0,44373.0,917.0,41,04,2021
"Congressional District 5 (116th Congress), Oregon",72367.0,845106.0,39.6,37471.0,91617.0,524262.0,343889.0,68035.0,263606.0,47658.0,48458.0,1084.0,41,05,2021
"Congressional District 1 (116th Congress), Pennsylvania",98257.0,728310.0,43.7,49781.0,39653.0,462972.0,304684.0,48232.0,232202.0,29863.0,66531.0,1182.0,42,01,2021
"Congressional District 2 (116th Congress), Pennsylvania",50539.0,741528.0,35.2,26831.0,176674.0,478128.0,301607.0,74633.0,233587.0,64778.0,31396.0,878.0,42,02,2021
"Congressional District 3 (116th Congress), Pennsylvania",54143.0,736685.0,34.2,38519.0,152040.0,508458.0,331820.0,67129.0,239792.0,59820.0,65676.0,1010.0,42,03,2021
"Congressional District 4 (116th Congress), Pennsylvania",97690.0,750478.0,41.3,52434.0,43689.0,474148.0,312800.0,46176.0,236584.0,34134.0,78899.0,1240.0,42,04,2021
"Congressional District 5 (116th Congress), Pennsylvania",76124.0,728014.0,38.5,42880.0,80852.0,465398.0,306942.0,56841.0,225957.0,41823.0,57021.0,986.0,42,05,2021
"Congressional District 6 (116th Congress), Pennsylvania",92406.0,748941.0,39.5,48586.0,67305.0,474099.0,304261.0,53874.0,236326.0,31549.0,70149.0,1045.0,42,06,2021
"Congressional District 7 (116th Congress), Pennsylvania",72587.0,742270.0,40.4,37640.0,77085.0,471644.0,308236.0,54607.0,236503.0,39876.0,46657.0,983.0,42,07,2021
"Congressional District 8 (116th Congress), Pennsylvania",59999.0,711220.0,43.0,31592.0,90650.0,448150.0,296363.0,57406.0,228403.0,49927.0,37647.0,690.0,42,08,2021
"Congressional District 9 (116th Congress), Pennsylvania",64948.0,706475.0,43.3,33042.0,71674.0,443474.0,289905.0,50824.0,229132.0,46200.0,30599.0,684.0,42,09,2021
"Congressional District 10 (116th Congress), Pennsylvania",70886.0,754965.0,40.0,37351.0,74229.0,478114.0,311342.0,49693.0,239976.0,39641.0,46205.0,859.0,42,10,2021
"Congressional District 11 (116th Congress), Pennsylvania",74768.0,744465.0,39.7,35865.0,58374.0,456887.0,302239.0,50331.0,227986.0,25904.0,39920.0,912.0,42,11,2021
"Congressional District 12 (116th Congress), Pennsylvania",58714.0,688872.0,41.1,30454.0,85164.0,435985.0,283791.0,56951.0,223843.0,43368.0,31327.0,648.0,42,12,2021
"Congressional District 13 (116th Congress), Pennsylvania",60107.0,696156.0,44.0,31465.0,73949.0,426915.0,286490.0,51065.0,219448.0,42079.0,29709.0,634.0,42,13,2021
"Congressional District 14 (116th Congress), Pennsylvania",63950.0,690770.0,45.5,35752.0,72702.0,426694.0,291959.0,53437.0,216307.0,41117.0,39131.0,595.0,42,14,2021
"Congressional District 15 (116th Congress), Pennsylvania",55835.0,677635.0,44.6,29520.0,78732.0,424458.0,276696.0,51442.0,224063.0,52509.0,28380.0,565.0,42,15,2021
"Congressional District 16 (116th Congress), Pennsylvania",58317.0,688843.0,42.3,32383.0,86716.0,430504.0,286956.0,53745.0,217111.0,43257.0,36157.0,608.0,42,16,2021
"Congressional District 17 (116th Congress), Pennsylvania",75169.0,733477.0,43.1,44531.0,54271.0,455773.0,309209.0,48507.0,228833.0,32253.0,65903.0,758.0,42,17,2021
"Congressional District 18 (116th Congress), Pennsylvania",58735.0,701546.0,38.9,37954.0,99052.0,463446.0,309320.0,49473.0,228477.0,40941.0,58673.0,798.0,42,18,2021
"Congressional District 1 (116th Congress), Rhode Island",68969.0,551867.0,38.9,39041.0,68537.0,362300.0,235717.0,40767.0,178992.0,32758.0,38732.0,896.0,44,01,2021
"Congressional District 2 (116th Congress), Rhode Island",79584.0,540082.0,40.9,40176.0,49720.0,355418.0,231446.0,38212.0,177180.0,31516.0,39260.0,971.0,44,02,2021
"Congressional District 1 (116th Congress), South Carolina",77020.0,802857.0,40.0,43359.0,79773.0,503157.0,337387.0,66886.0,245248.0,36216.0,65157.0,1153.0,45,01,2021
"Congressional District 2 (116th Congress), South Carolina",64315.0,717963.0,38.8,34919.0,85655.0,455848.0,297274.0,59797.0,222986.0,40176.0,45975.0,791.0,45,02,2021
"Congressional District 3 (116th Congress), South Carolina",53484.0,700576.0,40.6,29559.0,108097.0,437095.0,290013.0,64666.0,217540.0,47996.0,32744.0,596.0,45,03,2021
"Congressional District 4 (116th Congress), South Carolina",62354.0,752791.0,38.3,34647.0,88987.0,480038.0,311418.0,61058.0,236169.0,38317.0,46987.0,800.0,45,04,2021
"Congressional District 5 (116th Congress), South Carolina",58828.0,727226.0,40.1,31811.0,94429.0,455862.0,300756.0,66608.0,223235.0,47947.0,38889.0,666.0,45,05,2021
"Congressional District 6 (116th Congress), South Carolina",42470.0,653349.0,36.5,24621.0,138879.0,427239.0,274969.0,63208.0,212562.0,61122.0,26912.0,716.0,45,06,2021
"Congressional District 7 (116th Congress), South Carolina",50463.0,724141.0,44.4,28744.0,122525.0,436629.0,312532.0,73011.0,210354.0,55782.0,31876.0,686.0,45,07,2021
"Congressional District (at Large) (116th Congress), South Dakota",63920.0,881785.0,37.1,33468.0,106291.0,539841.0,339964.0,47726.0,277725.0,35498.0,38009.0,695.0,46,00,2021
"Congressional District 1 (116th Congress), Tennessee",48817.0,725183.0,44.0,28385.0,115713.0,451183.0,306707.0,71698.0,224970.0,57064.0,28180.0,576.0,47,01,2021
"Congressional District 2 (116th Congress), Tennessee",60829.0,767016.0,39.9,34472.0,93910.0,490768.0,323334.0,67546.0,242897.0,47414.0,45478.0,752.0,47,02,2021
"Congressional District 3 (116th Congress), Tennessee",55944.0,734250.0,41.6,32576.0,102188.0,462295.0,307505.0,67817.0,229853.0,50419.0,35330.0,670.0,47,03,2021
"Congressional District 4 (116th Congress), Tennessee",61300.0,821348.0,37.8,30069.0,102538.0,530197.0,332088.0,73969.0,265005.0,47726.0,33154.0,771.0,47,04,2021
"Congressional District 5 (116th Congress), Tennessee",65700.0,792617.0,35.1,39879.0,107565.0,543006.0,335005.0,58325.0,265348.0,36040.0,55685.0,1087.0,47,05,2021
"Congressional District 6 (116th Congress), Tennessee",61426.0,800493.0,40.6,31720.0,100078.0,501047.0,326160.0,69628.0,251342.0,50506.0,34280.0,713.0,47,06,2021
"Congressional District 7 (116th Congress), Tennessee",65409.0,812291.0,37.7,35641.0,88015.0,516269.0,321793.0,76628.0,259943.0,56768.0,47487.0,749.0,47,07,2021
"Congressional District 8 (116th Congress), Tennessee",64397.0,712769.0,41.0,36472.0,86967.0,441499.0,293029.0,69002.0,218006.0,50311.0,43668.0,595.0,47,08,2021
"Congressional District 9 (116th Congress), Tennessee",44723.0,693530.0,33.8,26162.0,158955.0,450329.0,289069.0,67173.0,213128.0,54791.0,32838.0,748.0,47,09,2021
"Congressional District 1 (116th Congress), Texas",56227.0,720481.0,37.4,28842.0,114045.0,442395.0,290424.0,68972.0,218861.0,47256.0,25348.0,729.0,48,01,2021
"Congressional District 2 (116th Congress), Texas",84530.0,814155.0,35.2,44325.0,86555.0,538211.0,321589.0,75333.0,268868.0,39903.0,58647.0,1202.0,48,02,2021
"Congressional District 3 (116th Congress), Texas",104676.0,910097.0,37.4,49602.0,58667.0,603799.0,358819.0,81291.0,301154.0,38395.0,99593.0,1368.0,48,03,2021
"Congressional District 4 (116th Congress), Texas",64245.0,783941.0,38.9,32341.0,95325.0,482903.0,311579.0,71717.0,241534.0,51392.0,32057.0,719.0,48,04,2021
"Congressional District 5 (116th Congress), Texas",59889.0,773738.0,36.1,28887.0,98912.0,489163.0,295012.0,73152.0,252761.0,56171.0,26597.0,892.0,48,05,2021
"Congressional District 6 (116th Congress), Texas",76960.0,821592.0,35.4,34040.0,78231.0,537046.0,329709.0,69803.0,261825.0,39411.0,44111.0,1065.0,48,06,2021
"Congressional District 7 (116th Congress), Texas",77323.0,791353.0,35.1,49730.0,87774.0,520094.0,310696.0,72304.0,258945.0,34754.0,67712.0,1181.0,48,07,2021
"Congressional District 8 (116th Congress), Texas",80724.0,901501.0,37.3,39783.0,90220.0,578108.0,343784.0,91038.0,299496.0,64857.0,48300.0,1058.0,48,08,2021
"Congressional District 9 (116th Congress), Texas",52440.0,765963.0,33.8,25107.0,142995.0,512930.0,309876.0,79510.0,248464.0,48515.0,32555.0,928.0,48,09,2021
"Congressional District 10 (116th Congress), Texas",85693.0,921341.0,35.7,40932.0,79496.0,599752.0,358481.0,78533.0,303374.0,42845.0,67321.0,1179.0,48,10,2021
"Congressional District 11 (116th Congress), Texas",65164.0,771174.0,35.5,33907.0,94108.0,473437.0,294776.0,70745.0,242953.0,39116.0,26788.0,842.0,48,11,2021
"Congressional District 12 (116th Congress), Texas",76977.0,846301.0,35.7,38156.0,79784.0,550720.0,340519.0,75014.0,270380.0,39965.0,46144.0,1067.0,48,12,2021
"Congressional District 13 (116th Congress), Texas",57354.0,709295.0,36.5,29409.0,95651.0,442681.0,269901.0,60100.0,231985.0,50519.0,22531.0,697.0,48,13,2021
"Congressional District 14 (116th Congress), Texas",69431.0,771651.0,37.3,34455.0,95680.0,495427.0,298354.0,76605.0,256330.0,62464.0,30002.0,885.0,48,14,2021
"Congressional District 15 (116th Congress), Texas",50864.0,803835.0,31.2,21777.0,193072.0,495756.0,296987.0,90148.0,248420.0,58600.0,23599.0,675.0,48,15,2021
"Congressional District 16 (116th Congress), Texas",52510.0,755415.0,32.6,24982.0,138084.0,482257.0,291212.0,80030.0,244026.0,47550.0,30820.0,774.0,48,16,2021
"Congressional District 17 (116th Congress), Texas",60005.0,802448.0,33.1,31533.0,131032.0,536867.0,321128.0,72077.0,270745.0,53474.0,43914.0,906.0,48,17,2021
"Congressional District 18 (116th Congress), Texas",51725.0,789886.0,33.0,29630.0,167750.0,530609.0,305324.0,85551.0,268468.0,60056.0,32733.0,908.0,48,18,2021
"Congressional District 19 (116th Congress), Texas",55571.0,728159.0,33.4,28730.0,110555.0,466497.0,279630.0,63807.0,242076.0,51222.0,27853.0,738.0,48,19,2021
"Congressional District 20 (116th Congress), Texas",57043.0,798649.0,32.7,27122.0,137383.0,526618.0,312675.0,71675.0,266671.0,51075.0,37008.0,913.0,48,20,2021
"Congressional District 21 (116th Congress), Texas",78381.0,826193.0,38.2,47599.0,81273.0,547464.0,347973.0,66790.0,271533.0,39521.0,72968.0,1171.0,48,21,2021
"Congressional District 22 (116th Congress), Texas",103893.0,961113.0,36.4,42671.0,67860.0,616255.0,366329.0,89638.0,307827.0,49509.0,84828.0,1252.0,48,22,2021
"Congressional District 23 (116th Congress), Texas",63224.0,806245.0,34.2,29200.0,125362.0,507942.0,299264.0,81712.0,263291.0,56243.0,32808.0,805.0,48,23,2021
"Congressional District 24 (116th Congress), Texas",82358.0,809110.0,36.1,47421.0,58997.0,555207.0,326864.0,61213.0,278039.0,29990.0,76278.0,1194.0,48,24,2021
"Congressional District 25 (116th Congress), Texas",81467.0,832621.0,37.4,43029.0,78441.0,537350.0,328223.0,79088.0,271444.0,48831.0,61939.0,1061.0,48,25,2021
"Congressional District 26 (116th Congress), Texas",101044.0,923492.0,36.0,45663.0,63081.0,615665.0,362117.0,71658.0,306942.0,37626.0,72780.0,1231.0,48,26,2021
"Congressional District 27 (116th Congress), Texas",59646.0,739341.0,36.9,29536.0,115641.0,456705.0,290952.0,73648.0,229689.0,46205.0,24014.0,846.0,48,27,2021
"Congressional District 28 (116th Congress), Texas",56194.0,770051.0,32.2,23721.0,158410.0,473761.0,290167.0,85885.0,233519.0,52775.0,23652.0,750.0,48,28,2021
"Congressional District 29 (116th Congress), Texas",49795.0,734456.0,31.0,20561.0,163218.0,474524.0,264716.0,90969.0,245554.0,44287.0,10544.0,844.0,48,29,2021
"Congressional District 30 (116th Congress), Texas",55861.0,789297.0,32.8,26804.0,146289.0,512549.0,308865.0,82508.0,250876.0,56652.0,29778.0,996.0,48,30,2021
"Congressional District 31 (116th Congress), Texas",80050.0,914699.0,35.2,38021.0,80800.0,593691.0,356893.0,74363.0,297866.0,42798.0,61996.0,1071.0,48,31,2021
"Congressional District 32 (116th Congress), Texas",80661.0,771112.0,35.7,49477.0,78314.0,516571.0,311982.0,63067.0,257607.0,34192.0,61530.0,1207.0,48,32,2021
"Congressional District 33 (116th Congress), Texas",48371.0,727423.0,30.9,20164.0,150629.0,467720.0,266070.0,81372.0,237738.0,41887.0,12805.0,878.0,48,33,2021
"Congressional District 34 (116th Congress), Texas",44413.0,712253.0,32.7,20008.0,177204.0,429675.0,265570.0,80181.0,218280.0,61649.0,17018.0,608.0,48,34,2021
"Congressional District 35 (116th Congress), Texas",56183.0,805089.0,33.0,28055.0,139636.0,551517.0,314101.0,73086.0,283304.0,50774.0,32339.0,980.0,48,35,2021
"Congressional District 36 (116th Congress), Texas",65901.0,759111.0,36.9,31928.0,104643.0,478517.0,293494.0,84978.0,242963.0,53506.0,23678.0,879.0,48,36,2021
"Congressional District 1 (116th Congress), Utah",78171.0,792511.0,31.3,32260.0,66919.0,495740.0,286663.0,61356.0,252855.0,30691.0,36144.0,878.0,49,01,2021
"Congressional District 2 (116th Congress), Utah",71984.0,792727.0,33.4,33432.0,78409.0,497894.0,301002.0,60382.0,253433.0,35473.0,42798.0,985.0,49,02,2021
"Congressional District 3 (116th Congress), Utah",82471.0,778400.0,28.7,34999.0,71737.0,493703.0,288783.0,62147.0,249353.0,27862.0,44923.0,1081.0,49,03,2021
"Congressional District 4 (116th Congress), Utah",84261.0,867732.0,31.3,32894.0,61421.0,546222.0,313333.0,63267.0,277995.0,31387.0,42568.0,1171.0,49,04,2021
"Congressional District (at Large) (116th Congress), Vermont",67674.0,641637.0,42.7,37903.0,64962.0,412344.0,273350.0,37034.0,205971.0,33751.0,54302.0,932.0,50,00,2021
"Congressional District 1 (116th Congress), Virginia",96772.0,816464.0,39.5,43379.0,55260.0,520333.0,326818.0,62665.0,261779.0,38532.0,66784.0,1272.0,51,01,2021
"Congressional District 2 (116th Congress), Virginia",77519.0,747365.0,36.6,40153.0,61464.0,491635.0,303585.0,55579.0,251351.0,32323.0,55132.0,1175.0,51,02,2021
"Congressional District 3 (116th Congress), Virginia",60376.0,752479.0,34.9,33420.0,109771.0,495451.0,312171.0,61019.0,243059.0,43361.0,40721.0,950.0,51,03,2021
"Congressional District 4 (116th Congress), Virginia",65153.0,785406.0,37.9,35374.0,97526.0,522962.0,328874.0,63427.0,259729.0,53681.0,49338.0,926.0,51,04,2021
"Congressional District 5 (116th Congress), Virginia",61856.0,741491.0,42.8,35531.0,89538.0,461096.0,314585.0,62591.0,229503.0,54515.0,46136.0,722.0,51,05,2021
"Congressional District 6 (116th Congress), Virginia",60467.0,759456.0,39.7,32350.0,90857.0,482595.0,321212.0,58344.0,239259.0,44614.0,40764.0,743.0,51,06,2021
"Congressional District 7 (116th Congress), Virginia",87403.0,811302.0,39.7,43287.0,59053.0,514477.0,332575.0,60058.0,254476.0,38409.0,67519.0,1137.0,51,07,2021
"Congressional District 8 (116th Congress), Virginia",116876.0,796645.0,36.7,65061.0,61628.0,545730.0,325354.0,49865.0,274185.0,27756.0,135083.0,1848.0,51,08,2021
"Congressional District 9 (116th Congress), Virginia",48429.0,698788.0,43.2,27343.0,117020.0,443185.0,294393.0,71643.0,227544.0,66020.0,31763.0,542.0,51,09,2021
"Congressional District 10 (116th Congress), Virginia",139983.0,869926.0,38.6,59909.0,36102.0,561901.0,335527.0,63683.0,284119.0,35257.0,115694.0,1640.0,51,10,2021
"Congressional District 11 (116th Congress), Virginia",122500.0,803157.0,36.7,54655.0,50445.0,535642.0,322702.0,56746.0,266415.0,31247.0,113556.0,1828.0,51,11,2021
"Congressional District 1 (116th Congress), Washington",109851.0,778963.0,38.4,54536.0,51201.0,504586.0,304794.0,67149.0,258917.0,35200.0,73641.0,1676.0,53,01,2021
"Congressional District 2 (116th Congress), Washington",79553.0,758640.0,38.9,40444.0,72836.0,497534.0,313355.0,61098.0,253085.0,38543.0,47096.0,1346.0,53,02,2021
"Congressional District 3 (116th Congress), Washington",74610.0,762407.0,40.1,36804.0,78213.0,475422.0,307907.0,69087.0,238208.0,44624.0,39035.0,1143.0,53,03,2021
"Congressional District 4 (116th Congress), Washington",64790.0,744547.0,34.1,29273.0,103047.0,448944.0,273995.0,63753.0,229739.0,45458.0,27594.0,808.0,53,04,2021
"Congressional District 5 (116th Congress), Washington",61935.0,742007.0,38.1,33231.0,93437.0,473244.0,301789.0,61387.0,239835.0,47936.0,40397.0,846.0,53,05,2021
"Congressional District 6 (116th Congress), Washington",73806.0,729130.0,42.1,40248.0,70280.0,453551.0,299778.0,62339.0,233633.0,46177.0,45414.0,1119.0,53,06,2021
"Congressional District 7 (116th Congress), Washington",105480.0,787902.0,36.4,66731.0,68942.0,571478.0,337615.0,45837.0,292888.0,34707.0,107734.0,1675.0,53,07,2021
"Congressional District 8 (116th Congress), Washington",100245.0,772133.0,38.3,47128.0,55292.0,501062.0,301620.0,62246.0,253373.0,34963.0,52913.0,1371.0,53,08,2021
"Congressional District 9 (116th Congress), Washington",92847.0,765280.0,36.9,51888.0,76727.0,516204.0,304954.0,57422.0,269146.0,39069.0,70613.0,1585.0,53,09,2021
"Congressional District 10 (116th Congress), Washington",78157.0,776355.0,36.1,36155.0,76929.0,501118.0,310024.0,64709.0,253732.0,42861.0,39888.0,1271.0,53,10,2021
"Congressional District 1 (116th Congress), West Virginia",53134.0,604226.0,41.7,30336.0,88822.0,383874.0,250990.0,57275.0,196729.0,47295.0,32033.0,601.0,54,01,2021
"Congressional District 2 (116th Congress), West Virginia",56286.0,621999.0,42.7,31068.0,89195.0,386219.0,257395.0,62133.0,193229.0,47506.0,28470.0,627.0,54,02,2021
"Congressional District 3 (116th Congress), West Virginia",42763.0,574824.0,43.6,24609.0,117615.0,349746.0,239783.0,73766.0,175778.0,64816.0,21043.0,501.0,54,03,2021
"Congressional District 1 (116th Congress), Wisconsin",74404.0,725418.0,41.1,38094.0,60634.0,462461.0,293296.0,46995.0,234196.0,35230.0,40356.0,840.0,55,01,2021
"Congressional District 2 (116th Congress), Wisconsin",74891.0,783230.0,36.8,41577.0,80167.0,518584.0,319733.0,41451.0,262105.0,31268.0,59481.0,981.0,55,02,2021
"Congressional District 3 (116th Congress), Wisconsin",62477.0,731014.0,38.9,32934.0,82209.0,465516.0,294276.0,40646.0,239669.0,34776.0,31131.0,695.0,55,03,2021
"Congressional District 4 (116th Congress), Wisconsin",49504.0,696075.0,33.2,28989.0,147776.0,452238.0,280891.0,57914.0,219811.0,47802.0,35975.0,772.0,55,04,2021
"Congressional District 5 (116th Congress), Wisconsin",79849.0,732692.0,41.6,44252.0,48143.0,466415.0,305766.0,39036.0,234100.0,26081.0,48936.0,891.0,55,05,2021
"Congressional District 6 (116th Congress), Wisconsin",66072.0,725311.0,41.8,36238.0,59718.0,456631.0,291759.0,39330.0,237130.0,36025.0,33480.0,688.0,55,06,2021
"Congressional District 7 (116th Congress), Wisconsin",63440.0,729683.0,44.5,34435.0,69136.0,441725.0,291841.0,42565.0,227005.0,34398.0,30407.0,637.0,55,07,2021
"Congressional District 8 (116th Congress), Wisconsin",68745.0,748238.0,40.5,36783.0,62849.0,471188.0,300150.0,41536.0,239599.0,31650.0,32271.0,704.0,55,08,2021
"Congressional District (at Large) (116th Congress), Wyoming",68002.0,576641.0,38.2,36288.0,60482.0,360588.0,222884.0,38663.0,187275.0,24713.0,30947.0,752.0,56,00,2021
"Resident Commissioner District (at Large) (116th Congress), Puerto Rico",21967.0,3311274.0,43.1,14047.0,1400997.0,2094011.0,1486792.0,560520.0,1005686.0,430646.0,129632.0,392.0,72,98,2021
