Name,Household Income,Population,Median Age (male),Median age (female),Total Median Age,Per Capita Income,Poverty Count,Total Work Force,Total Female Workforce,Total Female Did Not Work,Total Male Workforce,Total Male Did Not Work,Masters Degree Obtained,Median Rent,state,congressional district,Year,Male DNW %,Female DNW %
"Congressional District 1 (116th Congress), Alabama",53606,722794,38.9,41.4,40.3,29688,109032,447518,301800,77217,217406,55953,33551,707,1,1,2021,25.7366402,25.58548708
"Congressional District 2 (116th Congress), Alabama",52194,689681,37.5,40.7,39,28319,115310,435275,287843,76285,213201,54707,31270,619,1,2,2021,25.65982336,26.50229465
"Congressional District 3 (116th Congress), Alabama",53090,731482,37.6,39.9,38.8,28451,121511,468161,304646,77313,230635,57921,35868,590,1,3,2021,25.11370781,25.37797969
"Congressional District 4 (116th Congress), Alabama",50931,702255,39.7,42.2,40.9,27056,109196,431360,285978,76826,216170,50766,24306,469,1,4,2021,23.48429477,26.86430425
"Congressional District 5 (116th Congress), Alabama",63180,751690,38.7,40.8,39.8,35350,90719,483297,310448,75739,241259,48404,52340,643,1,5,2021,20.06308573,24.39667835
"Congressional District 6 (116th Congress), Alabama",73619,731505,38.5,40.3,39.5,39473,68710,462766,302796,65063,226653,42317,47571,877,1,6,2021,18.67039042,21.48740406
"Congressional District 7 (116th Congress), Alabama",40677,668268,34.4,38.4,36.5,23898,155341,432695,290274,76336,204251,61294,26134,609,1,7,2021,30.0091554,26.29791163
"Congressional District (at Large) (116th Congress), Alaska",80287,735951,34.6,35.4,35,39236,75016,481977,271261,54983,255877,43700,39503,1153,2,0,2021,17.07851819,20.26940843
"Congressional District 1 (116th Congress), Arizona",60420,758861,37.4,39.4,38.3,28850,129488,457817,298899,77336,234520,69600,39760,859,4,1,2021,29.67763943,25.87362286
"Congressional District 2 (116th Congress), Arizona",59161,729613,38.6,43.3,40.8,34935,93820,441855,303934,62691,223622,45979,55773,821,4,2,2021,20.56103603,20.6265176
"Congressional District 3 (116th Congress), Arizona",56106,780580,32,33.2,32.6,23780,137081,503537,298078,80629,256381,57888,23302,797,4,3,2021,22.57889625,27.0496313
"Congressional District 4 (116th Congress), Arizona",57895,796390,46.7,50.1,48.4,31580,93547,440416,326998,70647,227057,60926,34419,830,4,4,2021,26.8329098,21.60471929
"Congressional District 5 (116th Congress), Arizona",86858,860467,38,40.1,39.1,41117,60267,525248,343090,66323,261265,35991,58810,1282,4,5,2021,13.77566838,19.33107931
"Congressional District 6 (116th Congress), Arizona",81090,769040,40.9,43.6,42.3,51574,74917,488615,325119,61419,242872,37460,70850,1183,4,6,2021,15.42376231,18.89123675
"Congressional District 7 (116th Congress), Arizona",52167,792891,30.2,30.3,30.3,22514,172614,527738,291967,87647,268612,57435,19375,886,4,7,2021,21.38214227,30.0194885
"Congressional District 8 (116th Congress), Arizona",77153,821009,40.8,43.4,42.2,36960,68715,482486,346355,66765,234500,40562,52429,1217,4,8,2021,17.29722814,19.2764649
"Congressional District 9 (116th Congress), Arizona",67359,770352,33.1,34.8,33.8,40135,104462,539053,311566,60776,278851,38968,58635,1120,4,9,2021,13.97448817,19.50662139
"Congressional District 1 (116th Congress), Arkansas",46235,717868,38.2,41,39.6,25325,127220,440250,289092,70465,222951,65577,22150,528,5,1,2021,29.41318945,24.37459355
"Congressional District 2 (116th Congress), Arkansas",55764,767099,36.5,38.7,37.6,32675,109267,486547,317973,67748,236670,52186,43695,688,5,2,2021,22.05011197,21.30621153
"Congressional District 3 (116th Congress), Arkansas",59029,831156,35,36.7,35.9,32519,109339,530000,329021,76055,267030,53571,42058,667,5,3,2021,20.06179081,23.11554582
"Congressional District 4 (116th Congress), Arkansas",46300,690186,39.7,42.5,41,25412,122287,420097,283453,73094,209340,61031,21106,505,5,4,2021,29.15400783,25.78699114
"Congressional District 1 (116th Congress), California",61337,708366,40.3,44.1,42,33968,102551,429948,289606,65241,221191,62118,29488,928,6,1,2021,28.08342112,22.52750288
"Congressional District 2 (116th Congress), California",86108,722327,43.4,45.7,44.5,53708,79217,442864,301390,56714,224164,45811,57144,1469,6,2,2021,20.43637694,18.81747901
"Congressional District 3 (116th Congress), California",77120,757414,34.9,36.1,35.5,34738,95158,488801,300188,73756,248341,60123,32409,1270,6,3,2021,24.20985661,24.56993617
"Congressional District 4 (116th Congress), California",87963,760658,43,45.6,44.2,45877,63260,459974,313293,65960,232684,50185,46328,1338,6,4,2021,21.56787746,21.05377394
"Congressional District 5 (116th Congress), California",89372,728345,39.7,42.7,41.1,44551,66345,463691,307629,56653,231599,39324,40159,1675,6,5,2021,16.97934792,18.41601409
"Congressional District 6 (116th Congress), California",66518,781387,33.8,35.5,34.6,32969,127261,515245,316752,79263,252631,52599,37477,1227,6,6,2021,20.82048521,25.02367783
"Congressional District 7 (116th Congress), California",87335,778765,37.3,39.7,38.5,39766,78488,497320,316832,67992,248803,54416,44006,1358,6,7,2021,21.87111892,21.45995354
"Congressional District 8 (116th Congress), California",60500,749184,33.5,35,34.2,26734,125466,464137,280336,91233,237112,64309,22399,999,6,8,2021,27.12178211,32.54416129
"Congressional District 9 (116th Congress), California",78431,796370,34.5,36,35.3,32349,100239,507233,308704,85948,255477,60284,25228,1167,6,9,2021,23.59664471,27.84155696
"Congressional District 10 (116th Congress), California",74420,764549,33.8,35.7,34.8,31055,95682,483131,292809,81974,244078,52084,18527,1169,6,10,2021,21.33908013,27.99572418
"Congressional District 11 (116th Congress), California",106592,767298,38.7,41.2,40,55882,67384,489879,317482,66901,244419,44422,64502,1824,6,11,2021,18.17452817,21.07237576
"Congressional District 12 (116th Congress), California",127278,757251,38.3,38.3,38.3,80577,78325,548173,322442,45364,288909,39299,102125,2021,6,12,2021,13.60255305,14.06888681
"Congressional District 13 (116th Congress), California",92969,772203,36.5,37.9,37.2,52685,95022,532291,332815,64784,262499,44759,84110,1703,6,13,2021,17.05111258,19.4654688
"Congressional District 14 (116th Congress), California",129943,747495,38.9,41.7,40.2,63506,48940,497139,313730,51859,253091,37069,71636,2436,6,14,2021,14.64651054,16.52981863
"Congressional District 15 (116th Congress), California",130999,796865,38.4,39.8,39.1,55497,46734,526560,321207,70211,265251,40521,80323,2168,6,15,2021,15.27647398,21.85849001
"Congressional District 16 (116th Congress), California",52403,747131,30.5,31.7,31,21945,175339,468615,275302,91111,237297,62910,12289,856,6,16,2021,26.51108105,33.09492848
"Congressional District 17 (116th Congress), California",154511,780242,35.5,37.3,36.3,66292,45294,540151,307058,69714,285348,39166,137772,2648,6,17,2021,13.72569634,22.703854
"Congressional District 18 (116th Congress), California",157239,744528,39.3,41.2,40.3,84340,39270,484447,301246,63000,246137,35026,119423,2351,6,18,2021,14.23028639,20.91314076
"Congressional District 19 (116th Congress), California",116609,754007,36.5,38.4,37.4,48549,58652,500568,298499,64022,258980,43790,53925,2053,6,19,2021,16.90864159,21.44797805
"Congressional District 20 (116th Congress), California",85614,744111,34.9,35.9,35.4,37350,83731,478750,289817,65329,245839,47169,38279,1646,6,20,2021,19.18694756,22.54146582
"Congressional District 21 (116th Congress), California",50309,710344,30.6,29.9,30.3,18604,150643,456687,240628,83699,249390,81597,7793,783,6,21,2021,32.71863347,34.78356633
"Congressional District 22 (116th Congress), California",70290,786891,32.2,33.8,32.9,31021,118829,485205,298568,78017,241923,54042,29564,988,6,22,2021,22.33851267,26.13039576
"Congressional District 23 (116th Congress), California",65784,771198,33.6,35,34.3,29683,127028,484874,288652,88321,249364,68867,28675,923,6,23,2021,27.6170578,30.597744
"Congressional District 24 (116th Congress), California",83503,739183,35.4,37.5,36.4,41097,90634,477766,300027,61123,246420,46270,43018,1620,6,24,2021,18.77688499,20.37249981
"Congressional District 25 (116th Congress), California",87671,745689,35.3,37.6,36.4,35938,88211,483278,289254,83834,245346,57211,34003,1601,6,25,2021,23.31849714,28.9828317
"Congressional District 26 (116th Congress), California",93176,722958,37.1,39.2,38.1,41466,63847,461106,289785,65261,232096,40613,41566,1811,6,26,2021,17.49836275,22.52048933
"Congressional District 27 (116th Congress), California",89708,708388,40.3,43.5,41.9,43980,70036,461244,305012,63886,227923,45043,62200,1662,6,27,2021,19.76237589,20.94540543
"Congressional District 28 (116th Congress), California",76855,704354,39.3,40.7,40,51317,88933,493139,303977,57832,253061,42051,58330,1632,6,28,2021,16.61694216,19.02512361
"Congressional District 29 (116th Congress), California",64066,703638,34.5,36.3,35.4,26603,112858,482079,284695,75466,243916,48434,18570,1407,6,29,2021,19.85683596,26.5076661
"Congressional District 30 (116th Congress), California",91231,761222,38.8,40.5,39.7,49086,77232,512397,321021,65103,255575,43508,57690,1772,6,30,2021,17.02357429,20.27998168
"Congressional District 31 (116th Congress), California",73754,754741,32.8,34.4,33.6,30079,98698,498336,296753,80824,248397,57299,32725,1331,6,31,2021,23.06750887,27.23611893
"Congressional District 32 (116th Congress), California",79816,705766,36.2,39.4,37.8,29319,78176,470699,291872,69585,236270,46949,25709,1532,6,32,2021,19.8709104,23.84093027
"Congressional District 33 (116th Congress), California",122270,709488,40.5,41.1,40.8,80875,55166,467472,305358,62845,227974,39018,85625,2243,6,33,2021,17.11510962,20.58076094
"Congressional District 34 (116th Congress), California",54103,716495,34.8,36.2,35.4,29846,150348,507718,287678,72159,270209,56992,32590,1284,6,34,2021,21.09182152,25.0832528
"Congressional District 35 (116th Congress), California",73377,739237,32.2,34.1,33.1,25261,98898,495587,286662,84666,250628,55567,17540,1392,6,35,2021,22.17110618,29.53513197
"Congressional District 36 (116th Congress), California",57732,747370,41.5,42.7,42.1,33132,116876,446221,302352,77730,228450,60817,31653,1064,6,36,2021,26.62158021,25.70844579
"Congressional District 37 (116th Congress), California",70976,712613,34.8,37.3,36,42276,116484,497144,306804,69223,245643,49963,54523,1578,6,37,2021,20.33967994,22.56261326
"Congressional District 38 (116th Congress), California",83143,711540,36.6,38.5,37.5,31017,66496,464803,292557,70040,232682,49051,29348,1555,6,38,2021,21.08070242,23.94063379
"Congressional District 39 (116th Congress), California",100743,733331,37.8,40.6,39.3,42075,64968,476509,301240,67254,237424,42272,53930,1815,6,39,2021,17.80443426,22.32572036
"Congressional District 40 (116th Congress), California",56942,700867,31.3,33,32.2,20232,135757,466164,268118,86410,234767,50087,10399,1258,6,40,2021,21.33477022,32.22834722
"Congressional District 41 (116th Congress), California",75638,752956,31.1,32.5,31.7,26041,94738,502672,289314,88580,255292,56165,22572,1404,6,41,2021,22.0002977,30.61725323
"Congressional District 42 (116th Congress), California",97618,820055,34.8,36.4,35.6,35981,64696,525019,316089,88470,263248,53808,35872,1706,6,42,2021,20.44004133,27.98895248
"Congressional District 43 (116th Congress), California",70542,733353,34.9,37,36,32959,108125,485288,299348,71687,239097,48857,32686,1440,6,43,2021,20.43396613,23.94771303
"Congressional District 44 (116th Congress), California",62974,714444,32.9,34.6,33.7,23405,118774,470766,282228,87275,232308,54071,13972,1232,6,44,2021,23.2755652,30.92357952
"Congressional District 45 (116th Congress), California",116789,806990,37.9,40.3,39.1,54855,67772,531263,335943,75681,262945,43813,87006,2270,6,45,2021,16.6624199,22.52792885
"Congressional District 46 (116th Congress), California",77248,710498,33.1,34.1,33.6,27233,93764,484462,279683,72485,248061,46389,19808,1654,6,46,2021,18.70064218,25.91684157
"Congressional District 47 (116th Congress), California",78632,714590,37.2,38.3,37.7,37435,92836,482845,294356,67174,242213,47469,41363,1533,6,47,2021,19.59803974,22.82066613
"Congressional District 48 (116th Congress), California",105309,718069,41.4,43.8,42.7,57579,61969,466840,303779,61282,234096,37939,60200,2089,6,48,2021,16.206599,20.17321803
"Congressional District 49 (116th Congress), California",104696,735611,36,40,38.1,52403,53780,475449,289776,64511,246527,33964,60999,1965,6,49,2021,13.77698994,22.26236817
"Congressional District 50 (116th Congress), California",85615,752367,36.8,38.7,37.7,37468,78268,474970,301103,73429,237198,44470,39264,1603,6,50,2021,18.74805015,24.38667167
"Congressional District 51 (116th Congress), California",56635,724859,32.4,34.7,33.5,23025,123566,475865,274230,82191,250891,67277,15312,1291,6,51,2021,26.81523052,29.97155672
"Congressional District 52 (116th Congress), California",108946,757448,35.9,38.2,37,57302,59693,514359,304911,58673,269923,40319,92300,2045,6,52,2021,14.93722284,19.24266425
"Congressional District 53 (116th Congress), California",86816,770304,35.5,36.4,35.9,41232,80718,532682,318384,66457,269777,48321,55209,1695,6,53,2021,17.91146021,20.87322227
"Congressional District 1 (116th Congress), Colorado",80246,831812,35.2,35.4,35.3,51043,88394,584644,341386,53300,299299,35911,82992,1411,8,1,2021,11.99836952,15.61282536
"Congressional District 2 (116th Congress), Colorado",91259,822288,37.2,39.2,38.2,50599,78148,558423,338131,53382,286855,35177,94189,1479,8,2,2021,12.26299001,15.78737235
"Congressional District 3 (116th Congress), Colorado",62171,755131,39.9,41.8,40.7,34701,92988,470058,304704,60739,239278,43006,42411,837,8,3,2021,17.97323615,19.93377179
"Congressional District 4 (116th Congress), Colorado",85817,858938,36.9,38.1,37.5,41117,71013,553540,330881,63571,286023,41016,57784,1208,8,4,2021,14.34010552,19.21264745
"Congressional District 5 (116th Congress), Colorado",73982,824439,34.8,37.2,35.9,36843,77181,539874,319468,66194,282678,50713,63040,1180,8,5,2021,17.94020051,20.72007212
"Congressional District 6 (116th Congress), Colorado",91753,827989,35.9,38.1,37,44443,59290,544409,325977,56180,275502,33085,69160,1449,8,6,2021,12.00898723,17.23434475
"Congressional District 7 (116th Congress), Colorado",80980,802579,35.8,37.3,36.5,40164,68962,536197,322732,54220,274221,35616,55495,1395,8,7,2021,12.98806437,16.80031729
"Congressional District 1 (116th Congress), Connecticut",80168,715324,38.9,42.3,40.6,42924,74564,462063,303964,52301,228943,42203,64908,1005,9,1,2021,18.43384598,17.20631391
"Congressional District 2 (116th Congress), Connecticut",84124,702074,40.2,43.8,42,43498,56769,459741,293427,47958,235226,38660,60248,985,9,2,2021,16.43525801,16.34409921
"Congressional District 3 (116th Congress), Connecticut",76949,716576,38.5,41.1,39.9,41257,73667,472213,311138,51678,230344,43300,61767,1097,9,3,2021,18.79797173,16.60935019
"Congressional District 4 (116th Congress), Connecticut",104774,745946,39.2,41.7,40.4,65964,70783,478731,307529,61607,236057,35381,87568,1400,9,4,2021,14.98832909,20.03290747
"Congressional District 5 (116th Congress), Connecticut",78198,725410,40.8,43.5,42.1,44898,75693,461734,302001,54152,232129,42363,59728,962,9,5,2021,18.24976629,17.93106645
"Congressional Districts not defined (116th Congress), Connecticut",-666666666,0,-666666666,-666666666,-666666666,-666666666,0,0,0,0,0,0,0,-666666666,9,ZZ,2021,,
"Congressional District (at Large) (116th Congress), Delaware",72724,981892,39.4,42.8,41.1,38917,109274,612423,414664,75737,300128,57780,71962,1020,10,0,2021,19.2517859,18.2646673
"Delegate District (at Large) (116th Congress), District of Columbia",93547,683154,34.3,34.4,34.3,63793,100618,485206,301403,48860,232484,41004,106838,1595,11,98,2021,17.63734278,16.21085391
"Congressional District 1 (116th Congress), Florida",64607,797259,37.1,40.6,38.8,34142,92833,511411,319973,70323,263411,51438,44605,922,12,1,2021,19.5276583,21.97779188
"Congressional District 2 (116th Congress), Florida",55405,729598,41,44.5,42.6,30076,95495,452598,294621,65089,238171,75409,34355,812,12,2,2021,31.66170525,22.09245098
"Congressional District 3 (116th Congress), Florida",56028,761626,36.9,38.7,37.7,30518,121968,494414,317415,78274,246275,64935,39902,858,12,3,2021,26.36686631,24.65983019
"Congressional District 4 (116th Congress), Florida",79631,851023,38.6,41,39.9,43580,71323,544887,350978,70854,272384,40476,66821,1191,12,4,2021,14.85990367,20.18759011
"Congressional District 5 (116th Congress), Florida",45619,748057,33.7,35.4,34.6,24254,158393,498181,310412,73172,243976,67654,26174,827,12,5,2021,27.7297767,23.5725423
"Congressional District 6 (116th Congress), Florida",58634,789744,45.9,48.9,47.5,33121,95644,466528,343145,73147,230088,54195,37256,992,12,6,2021,23.5540315,21.31664457
"Congressional District 7 (116th Congress), Florida",70822,781734,35.6,38.5,37,38164,86213,535155,333436,72407,265464,49318,59222,1237,12,7,2021,18.57803695,21.71541165
"Congressional District 8 (116th Congress), Florida",63387,775458,46.4,50.1,48.3,37018,82097,457377,335785,69396,226967,49550,55192,1000,12,8,2021,21.83136756,20.66679572
"Congressional District 9 (116th Congress), Florida",58995,930697,37.1,39.1,38.1,27676,123453,595964,380540,92985,295599,64333,41758,1146,12,9,2021,21.76360542,24.4350134
"Congressional District 10 (116th Congress), Florida",63355,867042,35.7,36.4,36.1,32096,124237,579753,351115,76677,285266,53358,46043,1180,12,10,2021,18.70464759,21.8381442
"Congressional District 11 (116th Congress), Florida",54163,805200,53.3,56.4,55.1,31066,97655,406107,358953,73215,199040,59822,40258,838,12,11,2021,30.05526527,20.39682075
"Congressional District 12 (116th Congress), Florida",60121,798316,45.1,47.7,46.4,35249,88238,472541,346918,72382,230518,49595,46371,1015,12,12,2021,21.51458888,20.86429646
"Congressional District 13 (116th Congress), Florida",59761,725783,45.9,48.4,47.3,38833,87420,450582,320550,54400,222863,45270,45025,1063,12,13,2021,20.31292767,16.97083138
"Congressional District 14 (116th Congress), Florida",61291,788149,36.3,37.6,36.9,38296,119527,534354,326771,68003,265649,49134,53892,1096,12,14,2021,18.49583473,20.81059825
"Congressional District 15 (116th Congress), Florida",61727,812631,37.9,40.2,39,30776,104375,519352,336258,76705,256683,54447,38289,1086,12,15,2021,21.21176704,22.81135319
"Congressional District 16 (116th Congress), Florida",69485,861259,45.5,48.8,47.3,40486,86910,485856,370789,68675,238307,46296,63191,1238,12,16,2021,19.42704159,18.52131536
"Congressional District 17 (116th Congress), Florida",56938,773890,50.5,54.1,52.3,33650,97975,410762,333462,65798,207876,57394,38944,862,12,17,2021,27.60972888,19.73178353
"Congressional District 18 (116th Congress), Florida",69054,783441,46.6,49.2,48,43139,76820,454354,337890,61626,224731,45004,50215,1298,12,18,2021,20.02571964,18.23847998
"Congressional District 19 (116th Congress), Florida",66647,826628,50.3,52.8,51.6,45210,89138,446381,364379,66743,218097,43453,56877,1215,12,19,2021,19.92370367,18.31691728
"Congressional District 20 (116th Congress), Florida",52991,787098,35.8,38.8,37.3,25855,133826,510310,323344,65775,251095,56124,31457,1218,12,20,2021,22.35169956,20.34211243
"Congressional District 21 (116th Congress), Florida",67178,784165,44.2,48,46.2,42583,87477,455141,337951,59355,228491,38707,56819,1391,12,21,2021,16.94027336,17.56319703
"Congressional District 22 (116th Congress), Florida",71291,767612,43.9,45.2,44.5,46999,77339,477636,323999,57273,240391,38922,61404,1459,12,22,2021,16.19112196,17.67690641
"Congressional District 23 (116th Congress), Florida",72175,762612,41.1,42.7,41.9,40788,81936,487616,325517,64949,237050,39639,60266,1528,12,23,2021,16.72178865,19.95256776
"Congressional District 24 (116th Congress), Florida",47027,748479,36.3,39.1,37.8,24488,144991,492467,308148,74358,245161,58842,28768,1163,12,24,2021,24.00137053,24.13061256
"Congressional District 25 (116th Congress), Florida",58973,769234,41.2,43.8,42.5,28313,111563,496017,321575,68465,253360,45519,37286,1339,12,25,2021,17.96613514,21.29052321
"Congressional District 26 (116th Congress), Florida",65877,785278,38.3,41.1,39.7,28573,111416,512669,324738,75564,257623,53498,34179,1393,12,26,2021,20.76600304,23.26922011
"Congressional District 27 (116th Congress), Florida",65458,727749,40.5,43.5,41.9,46018,96350,481646,313137,62521,243787,39883,58702,1407,12,27,2021,16.35977308,19.96602126
"Congressional District 1 (116th Congress), Georgia",57940,752393,34.8,37.9,36.3,31053,113909,480991,303763,70166,240112,53303,36601,857,13,1,2021,22.1992237,23.0989291
"Congressional District 2 (116th Congress), Georgia",43151,671948,35,38.5,36.7,24339,151002,424192,271960,71725,212165,67439,24538,586,13,2,2021,31.78610987,26.37336373
"Congressional District 3 (116th Congress), Georgia",68315,756277,37.3,39.7,38.5,33898,94607,483364,311654,73927,236270,47614,37348,815,13,3,2021,20.15236805,23.7208571
"Congressional District 4 (116th Congress), Georgia",63415,768431,35,38.2,36.8,30218,101575,506535,320152,67183,241019,51325,47502,997,13,4,2021,21.29500164,20.98471976
"Congressional District 5 (116th Congress), Georgia",61917,778225,33.2,34.3,33.7,43003,134522,543918,329214,65326,266963,57165,70220,1028,13,5,2021,21.41307972,19.84302004
"Congressional District 6 (116th Congress), Georgia",104703,757644,37.9,39.8,38.8,57536,50424,498553,305673,61237,247573,29089,100739,1356,13,6,2021,11.74966576,20.03349985
"Congressional District 7 (116th Congress), Georgia",83800,854516,35.4,36.8,36.2,37948,81273,560567,335382,75362,275830,41936,65464,1248,13,7,2021,15.20356741,22.47049633
"Congressional District 8 (116th Congress), Georgia",53827,715067,35.8,38.7,37.4,27801,125685,453496,291862,72727,224130,59845,32227,634,13,8,2021,26.70102173,24.9182833
"Congressional District 9 (116th Congress), Georgia",64024,770045,40.2,42.2,41.1,31900,100508,476178,315125,72210,237691,43802,33969,702,13,9,2021,18.42812727,22.91471638
"Congressional District 10 (116th Congress), Georgia",64359,765152,36.5,38.2,37.4,31966,104527,494436,311361,71367,245248,56615,39298,743,13,10,2021,23.0847958,22.9209824
"Congressional District 11 (116th Congress), Georgia",84218,788712,36.3,38.1,37.3,44551,67842,528250,323499,66524,261884,37005,58740,1187,13,11,2021,14.13030197,20.56389664
"Congressional District 12 (116th Congress), Georgia",51850,734110,34.2,37.8,35.9,27156,131280,472920,295923,75857,236961,63374,28782,642,13,12,2021,26.74448538,25.63403318
"Congressional District 13 (116th Congress), Georgia",65738,788497,34.7,37.3,36.2,31106,91879,519541,330871,67858,239669,48783,43471,978,13,13,2021,20.354322,20.50889924
"Congressional District 14 (116th Congress), Georgia",58070,724598,37.1,39.5,38.3,27861,92318,462266,290881,70554,231228,46855,24819,623,13,14,2021,20.2635494,24.25527965
"Congressional District 1 (116th Congress), Hawaii",91015,729555,38.3,41.7,39.9,41430,58211,461637,299389,48551,238415,37869,47458,1649,15,1,2021,15.88364826,16.21669467
"Congressional District 2 (116th Congress), Hawaii",84198,723943,38.3,40.3,39.3,36642,75529,444085,287057,53302,226464,42435,36391,1500,15,2,2021,18.73807758,18.56843763
"Congressional District 1 (116th Congress), Idaho",65134,941417,38,39.3,38.6,32183,94632,573863,368435,74097,289503,47688,40197,848,16,1,2021,16.47236816,20.1112815
"Congressional District 2 (116th Congress), Idaho",61601,870200,34.3,35.4,34.9,30780,107928,544284,332261,65431,278118,37443,39675,794,16,2,2021,13.46299053,19.69265126
"Congressional District 1 (116th Congress), Illinois",60555,715763,36.3,41,38.9,32224,115486,458506,309350,67061,217579,56374,46927,902,17,1,2021,25.90966959,21.67803459
"Congressional District 2 (116th Congress), Illinois",56038,686546,36.1,39.8,38,28390,123673,433774,291364,67388,205132,55284,34455,861,17,2,2021,26.95045142,23.12845787
"Congressional District 3 (116th Congress), Illinois",77332,724550,38,40.2,39.1,36348,70812,460341,285704,65162,236193,43070,41426,967,17,3,2021,18.23508741,22.80752107
"Congressional District 4 (116th Congress), Illinois",63991,690373,34.2,34.2,34.2,29741,98084,474114,272631,68498,242540,43348,34425,956,17,4,2021,17.87251587,25.12480239
"Congressional District 5 (116th Congress), Illinois",94542,752522,35.5,36.1,35.8,59649,57993,527009,315768,51189,265351,32194,87317,1370,17,5,2021,12.13260926,16.21095234
"Congressional District 6 (116th Congress), Illinois",111571,732738,40.2,42.3,41.2,54811,37704,465709,298758,51532,231068,27528,81650,1336,17,6,2021,11.91337615,17.24874313
"Congressional District 7 (116th Congress), Illinois",67754,738479,33.9,36.1,35,48886,137776,513775,320522,68504,251173,65579,71415,1138,17,7,2021,26.10909612,21.37263589
"Congressional District 8 (116th Congress), Illinois",80043,720276,36.7,38.3,37.5,36243,60916,469021,288430,52345,236451,30896,45850,1225,17,8,2021,13.06655502,18.14825088
"Congressional District 9 (116th Congress), Illinois",83157,745865,39.9,41.1,40.6,51445,75692,474403,309805,59086,238251,38192,91869,1194,17,9,2021,16.03015307,19.0719969
"Congressional District 10 (116th Congress), Illinois",90082,722961,37.4,40.7,39.1,49097,59457,461492,290094,57380,234005,33682,68200,1158,17,10,2021,14.39370954,19.77979551
"Congressional District 11 (116th Congress), Illinois",85144,706594,35.8,38.3,37,39109,60319,459596,281557,51461,230476,31403,51395,1192,17,11,2021,13.62527986,18.27729376
"Congressional District 12 (116th Congress), Illinois",56256,679543,38.7,41.2,39.9,30663,101118,427569,276017,53586,216982,53060,35263,612,17,12,2021,24.45364132,19.4140216
"Congressional District 13 (116th Congress), Illinois",56974,697929,35.8,38.2,36.9,32113,112065,460206,292498,59441,232091,54426,41579,673,17,13,2021,23.45028459,20.32184835
"Congressional District 14 (116th Congress), Illinois",104214,750475,39.2,39.9,39.5,46534,38850,479445,293810,50706,242255,29826,61020,1144,17,14,2021,12.31182019,17.25809196
"Congressional District 15 (116th Congress), Illinois",59320,683592,40.2,42.4,41.2,31061,84445,418866,273760,53182,215454,49629,26555,521,17,15,2021,23.03461528,19.42650497
"Congressional District 16 (116th Congress), Illinois",66115,693820,39.6,41.7,40.6,33758,75758,434851,281561,50561,221601,39425,30577,713,17,16,2021,17.7909847,17.95738756
"Congressional District 17 (116th Congress), Illinois",52874,677247,39.5,42.3,40.8,29000,107801,415324,275796,51989,209894,47105,25425,585,17,17,2021,22.44228039,18.8505272
"Congressional District 18 (116th Congress), Illinois",71011,702540,39.6,41.4,40.5,38045,65429,429242,286743,49532,215095,38450,44950,650,17,18,2021,17.87582231,17.27400495
"Congressional Districts not defined (116th Congress), Illinois",-666666666,0,-666666666,-666666666,-666666666,-666666666,0,0,0,0,0,0,0,-666666666,17,ZZ,2021,,
"Congressional District 1 (116th Congress), Indiana",64466,729457,38.3,40.5,39.4,32777,97805,461391,297795,65406,230994,52227,32662,779,18,1,2021,22.60967817,21.96343122
"Congressional District 2 (116th Congress), Indiana",59343,729091,36.7,39.1,37.9,29846,91031,451503,289898,55900,226658,38336,30157,681,18,2,2021,16.91358787,19.28264424
"Congressional District 3 (116th Congress), Indiana",61830,754959,36.1,38.2,37.1,30937,81874,466868,296714,56445,234657,33119,30457,639,18,3,2021,14.11379162,19.02336931
"Congressional District 4 (116th Congress), Indiana",64442,761534,35.6,38.3,36.9,32067,81438,491088,303167,55337,252103,43107,37152,707,18,4,2021,17.09896352,18.25297608
"Congressional District 5 (116th Congress), Indiana",78391,794485,37.6,39.2,38.4,44759,64021,505203,322999,55748,249048,35997,68866,888,18,5,2021,14.45384022,17.25949616
"Congressional District 6 (116th Congress), Indiana",60389,721972,39,41.1,40,30754,88466,455637,295010,57293,229587,40853,33273,610,18,6,2021,17.79412597,19.4206976
"Congressional District 7 (116th Congress), Indiana",50976,782178,32.9,34.4,33.7,27671,136271,510749,314851,68060,248675,50380,32996,747,18,7,2021,20.25937469,21.61657419
"Congressional District 8 (116th Congress), Indiana",56889,715129,38.7,40.9,39.8,30815,90904,447862,287660,55975,229044,44065,28560,586,18,8,2021,19.23866157,19.45873601
"Congressional District 9 (116th Congress), Indiana",64034,762535,37.3,39.3,38.3,32492,87195,495381,313271,60736,248605,43626,40762,754,18,9,2021,17.54831962,19.3876867
"Congressional District 1 (116th Congress), Iowa",65103,778247,38.3,39.9,39,34567,79672,481910,313254,42655,244201,32448,34375,632,19,1,2021,13.28741488,13.61674552
"Congressional District 2 (116th Congress), Iowa",62134,784135,37.5,39.1,38.2,34106,96625,492995,315092,50605,250713,41617,38890,679,19,2,2021,16.59945834,16.06038871
"Congressional District 3 (116th Congress), Iowa",72492,852016,36.5,37.9,37.2,37992,79281,539818,337113,50155,271715,33435,44463,820,19,3,2021,12.3051727,14.87780062
"Congressional District 4 (116th Congress), Iowa",61829,764692,37.4,40.5,38.9,32264,84117,468384,303514,40933,242589,30978,26328,601,19,4,2021,12.76974636,13.48636307
"Congressional District 1 (116th Congress), Kansas",55984,702619,34.6,37.2,35.8,29623,86766,435284,271097,44225,227246,28984,28520,617,20,1,2021,12.75445992,16.3133491
"Congressional District 2 (116th Congress), Kansas",59626,714255,37.1,39.1,38,31576,89532,449177,286715,48557,228911,39899,42111,646,20,2,2021,17.42991818,16.93563295
"Congressional District 3 (116th Congress), Kansas",85580,785916,36.2,38.1,37.1,45812,60834,500328,312187,49846,249833,28605,72067,943,20,3,2021,11.44964837,15.96671226
"Congressional District 4 (116th Congress), Kansas",60304,729309,35.8,38,36.8,31751,90077,450660,285965,54482,227011,38422,39260,641,20,4,2021,16.92517103,19.05198189
"Congressional District 1 (116th Congress), Kentucky",49006,719030,38.1,41.5,39.9,26502,120079,442583,290487,71563,224602,58009,27155,517,21,1,2021,25.82746369,24.63552586
"Congressional District 2 (116th Congress), Kentucky",56942,773346,37.5,39.7,38.6,29848,110618,491521,311225,68597,247662,52394,35496,607,21,2,2021,21.15544573,22.04096715
"Congressional District 3 (116th Congress), Kentucky",60397,754909,36.8,39.6,38.2,35681,104309,484224,315308,55185,238276,40815,50804,780,21,3,2021,17.12929544,17.50193462
"Congressional District 4 (116th Congress), Kentucky",70298,771347,38.4,40.3,39.3,36148,85270,489464,307453,61348,246972,45620,46189,689,21,4,2021,18.47172959,19.95361893
"Congressional District 5 (116th Congress), Kentucky",38551,694860,39.7,42.6,41,21709,173595,434872,281669,93801,220184,89081,24353,445,21,5,2021,40.45752643,33.3018543
"Congressional District 6 (116th Congress), Kentucky",58606,780649,36.2,38,37.1,32833,115269,510694,323056,65619,252584,48307,48973,708,21,6,2021,19.12512273,20.3119583
"Congressional District 1 (116th Congress), Louisiana",64843,805369,38.1,40.1,39.1,36084,112114,504190,331739,74017,247345,48871,42674,898,22,1,2021,19.75823243,22.31181742
"Congressional District 2 (116th Congress), Louisiana",44412,782637,36.2,38.5,37.4,27302,181725,509139,327706,78114,246790,70699,35724,816,22,2,2021,28.64743304,23.83660964
"Congressional District 3 (116th Congress), Louisiana",55035,784283,35.9,37.5,36.8,30222,138741,493946,312904,81399,244679,58647,27216,676,22,3,2021,23.96895524,26.01404904
"Congressional District 4 (116th Congress), Louisiana",44353,732845,36,38.8,37.4,26743,154677,456019,292974,83991,230022,69221,27281,629,22,4,2021,30.09320848,28.66841426
"Congressional District 5 (116th Congress), Louisiana",43779,741889,36.3,39.5,37.7,24660,164190,468119,296723,82751,238787,88234,23896,546,22,5,2021,36.95092279,27.88829986
"Congressional District 6 (116th Congress), Louisiana",69156,810282,35.4,37,36.2,36135,99039,525662,332342,75697,257051,49116,43644,870,22,6,2021,19.10749229,22.77683832
"Congressional District 1 (116th Congress), Maine",73004,699795,42.6,45.7,44.1,40963,60934,443073,301751,39780,219616,30134,57387,957,23,1,2021,13.7212225,13.1830549
"Congressional District 2 (116th Congress), Maine",54363,657251,44.4,46.3,45.3,31069,85058,410899,279085,50149,205150,42000,31652,682,23,2,2021,20.47282476,17.96907752
"Congressional District 1 (116th Congress), Maryland",83880,741327,41,43.7,42.5,41830,63935,462971,307513,52814,231534,40741,53058,918,24,1,2021,17.59611979,17.17455847
"Congressional District 2 (116th Congress), Maryland",77448,782892,35.8,37.9,36.9,38172,84591,517240,327677,60876,251080,47740,58994,1200,24,2,2021,19.01386012,18.57805095
"Congressional District 3 (116th Congress), Maryland",97847,762898,36.5,38.8,37.7,50894,57290,496687,322272,53964,241139,34020,87382,1447,24,3,2021,14.10804557,16.74486148
"Congressional District 4 (116th Congress), Maryland",91696,790373,36.9,39.8,38.3,43489,66938,511977,325164,53841,250979,35812,63020,1445,24,4,2021,14.2689229,16.55810606
"Congressional District 5 (116th Congress), Maryland",109642,786660,37.1,40,38.7,45830,52828,523038,325158,59024,258382,42072,68636,1533,24,5,2021,16.282868,18.15240591
"Congressional District 6 (116th Congress), Maryland",90692,784464,38.3,40.6,39.4,45129,71074,508322,317676,58000,256583,48175,76989,1329,24,6,2021,18.77560088,18.25759579
"Congressional District 7 (116th Congress), Maryland",68441,718069,37,40.2,38.7,41000,104818,466487,308027,64083,224936,54220,68498,1041,24,7,2021,24.10463421,20.80434507
"Congressional District 8 (116th Congress), Maryland",116245,781862,39.1,41.2,40.2,60527,48600,494953,323923,50432,244478,31484,102014,1704,24,8,2021,12.87805038,15.56913217
"Congressional District 1 (116th Congress), Massachusetts",64133,730273,40.2,42.9,41.5,35772,94927,465749,313978,60473,227133,51095,49921,833,25,1,2021,22.49563031,19.26026664
"Congressional District 2 (116th Congress), Massachusetts",79154,775094,38.3,40.4,39.3,40704,76515,518760,331267,58358,255681,44183,68505,995,25,2,2021,17.28051752,17.61660534
"Congressional District 3 (116th Congress), Massachusetts",86547,791898,38.1,40,39.1,43322,76525,521265,321166,57606,261847,46784,69587,1132,25,3,2021,17.86692229,17.93651881
"Congressional District 4 (116th Congress), Massachusetts",110624,771803,40.1,42,41,59554,48670,498986,326397,52934,243065,34850,89790,1301,25,4,2021,14.33772859,16.21767357
"Congressional District 5 (116th Congress), Massachusetts",110721,791364,37.8,39.7,38.8,60375,58347,527472,337407,49892,262437,36123,115487,1737,25,5,2021,13.76444632,14.78688942
"Congressional District 6 (116th Congress), Massachusetts",101111,774573,41.2,44.3,42.8,52096,55700,496229,331480,48350,244944,32958,81102,1367,25,6,2021,13.4553204,14.58609871
"Congressional District 7 (116th Congress), Massachusetts",77961,799546,31.7,32.7,32.2,44436,132828,592006,351668,59778,292555,50127,78927,1637,25,7,2021,17.13421408,16.99841896
"Congressional District 8 (116th Congress), Massachusetts",103338,786564,38.4,40.5,39.4,55206,57114,525283,338844,47994,258503,35571,85418,1599,25,8,2021,13.76038189,14.16404009
"Congressional District 9 (116th Congress), Massachusetts",80080,770737,44.1,48,46.1,45273,68154,472125,332579,50550,235136,37841,62266,890,25,9,2021,16.09323966,15.19939623
"Congressional District 1 (116th Congress), Michigan",55820,704864,45.3,48.1,46.7,31550,85101,425284,290385,51605,220478,49349,38086,612,26,1,2021,22.38273206,17.77123474
"Congressional District 2 (116th Congress), Michigan",65057,753783,36.6,38.2,37.4,31485,77692,475795,302869,52948,238765,38941,35932,807,26,2,2021,16.30934182,17.48214575
"Congressional District 3 (116th Congress), Michigan",67902,750350,36.4,38.1,37.2,35077,82836,481161,298274,54374,244418,39607,44876,799,26,3,2021,16.20461668,18.22954733
"Congressional District 4 (116th Congress), Michigan",56729,697813,40.8,42.9,41.8,30588,92676,438580,285794,59483,224035,54609,29937,626,26,4,2021,24.37520923,20.81324311
"Congressional District 5 (116th Congress), Michigan",51356,672455,40,42.8,41.4,29480,116597,417203,281590,63200,205127,52999,26137,617,26,5,2021,25.83716429,22.44397883
"Congressional District 6 (116th Congress), Michigan",61287,720211,37.9,39.9,38.9,32986,94563,452183,292852,53395,226604,39587,40460,700,26,6,2021,17.46968279,18.23275921
"Congressional District 7 (116th Congress), Michigan",66229,714616,41,43.2,42.1,34214,70684,448518,288268,55501,230924,47154,37860,725,26,7,2021,20.41970518,19.25326432
"Congressional District 8 (116th Congress), Michigan",79136,739057,37.6,39.5,38.5,41452,69558,486986,305035,55470,243817,36980,63724,864,26,8,2021,15.16711304,18.18479847
"Congressional District 9 (116th Congress), Michigan",66720,721023,38.7,41.7,40.2,38851,78897,472321,306605,57432,235921,39158,45591,886,26,9,2021,16.59792897,18.73159277
"Congressional District 10 (116th Congress), Michigan",71124,723323,42.4,44.4,43.4,36109,68212,456768,296795,59282,230901,39170,36913,771,26,10,2021,16.96398023,19.97405617
"Congressional District 11 (116th Congress), Michigan",93529,754129,40.9,43.5,42.2,49784,43349,485619,312757,58043,243846,30319,85948,1046,26,11,2021,12.43366715,18.55849749
"Congressional District 12 (116th Congress), Michigan",65329,742875,34.4,37.1,35.7,36704,113920,494429,309745,67044,246407,46090,56482,929,26,12,2021,18.70482576,21.64490145
"Congressional District 13 (116th Congress), Michigan",40378,674752,34.2,37.5,35.9,22943,178455,429381,276754,74667,208111,65722,21945,717,26,13,2021,31.58026246,26.97955585
"Congressional District 14 (116th Congress), Michigan",53033,693261,36.2,39.8,38,33364,137518,439209,293754,70999,210911,58478,51581,797,26,14,2021,27.72638696,24.16954322
"Congressional Districts not defined (116th Congress), Michigan",-666666666,0,-666666666,-666666666,-666666666,-666666666,0,0,0,0,0,0,0,-666666666,26,ZZ,2021,,
"Congressional District 1 (116th Congress), Minnesota",69752,687886,37.6,39.1,38.4,36353,67829,426226,273246,31762,217246,26271,33356,745,27,1,2021,12.09274279,11.6239579
"Congressional District 2 (116th Congress), Minnesota",94315,725672,37.3,38.6,37.9,44286,38847,464391,286783,36086,233134,23384,46436,1139,27,2,2021,10.03028301,12.58303316
"Congressional District 3 (116th Congress), Minnesota",101064,732483,39.2,41.7,40.4,54914,40716,462826,297714,39740,229643,24183,68967,1283,27,3,2021,10.53069329,13.34838133
"Congressional District 4 (116th Congress), Minnesota",78396,721898,35.5,37.3,36.4,42600,79101,463519,292232,41576,230494,32108,58095,1055,27,4,2021,13.93008061,14.22705248
"Congressional District 5 (116th Congress), Minnesota",72686,728368,34.2,34.4,34.3,43816,95500,500131,294707,37459,256539,32392,63316,1093,27,5,2021,12.62654021,12.71059052
"Congressional District 6 (116th Congress), Minnesota",88506,727471,36.9,37.7,37.3,39595,46280,468036,279619,35639,239370,27687,34695,943,27,6,2021,11.56661236,12.74555735
"Congressional District 7 (116th Congress), Minnesota",63314,672622,39.3,41.1,40.2,32949,70981,398031,262853,35244,204807,26008,21695,630,27,7,2021,12.69878471,13.4082548
"Congressional District 8 (116th Congress), Minnesota",63595,674072,42.3,44.1,43.1,33598,73058,411275,270454,40269,212604,37549,27944,716,27,8,2021,17.66147391,14.88940818
"Congressional District 1 (116th Congress), Mississippi",53985,757560,36.8,39.3,38.2,28060,114174,478470,311705,75499,234034,56121,30514,598,28,1,2021,23.97984908,24.22129898
"Congressional District 2 (116th Congress), Mississippi",39575,685584,35.5,38.9,37.2,22355,170184,429404,280944,78574,209999,76810,26459,533,28,2,2021,36.57636465,27.96785124
"Congressional District 3 (116th Congress), Mississippi",51441,748808,36.6,38.9,37.7,28914,135743,473509,309959,75924,231820,64088,38025,663,28,3,2021,27.64558709,24.49485255
"Congressional District 4 (116th Congress), Mississippi",51235,775071,37.1,38.9,38,27486,137010,490103,315463,81054,242131,61493,32530,703,28,4,2021,25.39658284,25.69366297
"Congressional District 1 (116th Congress), Missouri",51529,720952,35,37.6,36.3,32428,122007,478397,310507,54627,227459,47925,51632,734,29,1,2021,21.06973125,17.5928401
"Congressional District 2 (116th Congress), Missouri",92112,770323,40.5,44.2,42.4,52209,39673,475214,322932,48779,236731,29289,85937,950,29,2,2021,12.37227064,15.10503759
"Congressional District 3 (116th Congress), Missouri",73398,800026,38.7,40.6,39.7,35101,66319,507156,320435,55111,256819,40483,42718,670,29,3,2021,15.76324182,17.19880787
"Congressional District 4 (116th Congress), Missouri",56694,775737,35.8,38.5,37,29520,108897,491800,311563,61508,250030,47635,38091,628,29,4,2021,19.05171379,19.74175367
"Congressional District 5 (116th Congress), Missouri",57637,784962,36.2,38.1,37.1,32695,109595,501936,323683,57278,247781,42203,43537,764,29,5,2021,17.0323794,17.69570846
"Congressional District 6 (116th Congress), Missouri",67221,778899,38.1,39.5,38.7,33553,78442,487684,311635,56930,245479,44520,41698,678,29,6,2021,18.1359709,18.26816628
"Congressional District 7 (116th Congress), Missouri",52910,788437,37.4,39.6,38.5,28787,115132,491527,323126,66330,244565,48777,34147,622,29,7,2021,19.94439106,20.52759605
"Congressional District 8 (116th Congress), Missouri",48309,722198,39.4,42.1,40.7,25380,121958,443227,290013,68077,226461,62596,25332,488,29,8,2021,27.64096246,23.47377531
"Congressional District (at Large) (116th Congress), Montana",60560,1077978,39.2,40.8,40,34423,131512,670145,432970,71423,341728,52360,57507,772,30,0,2021,15.32212754,16.49606208
"Congressional District 1 (116th Congress), Nebraska",66868,657029,35.1,36.6,35.9,34201,66009,414597,255945,35384,213450,24518,35101,750,31,1,2021,11.4865308,13.82484518
"Congressional District 2 (116th Congress), Nebraska",74752,693079,34.6,36,35.3,39748,65157,443262,270773,41932,221783,27175,47517,860,31,2,2021,12.25296799,15.48603443
"Congressional District 3 (116th Congress), Nebraska",58743,601372,38.6,40.7,39.6,31015,64289,355785,236049,31576,182356,22534,20767,564,31,3,2021,12.35714756,13.37688361
"Congressional District 1 (116th Congress), Nevada",45483,688773,36.4,37.3,36.8,25074,138669,456794,271325,73282,234839,52762,16137,924,32,1,2021,22.46730739,27.00893762
"Congressional District 2 (116th Congress), Nevada",72977,748896,39,40.4,39.7,38773,77157,473890,295493,57917,245822,39399,38234,1058,32,2,2021,16.02745076,19.60012589
"Congressional District 3 (116th Congress), Nevada",79844,840860,39.2,40.2,39.6,42476,74273,540596,344102,67799,270296,45431,50722,1323,32,3,2021,16.80786989,19.70316941
"Congressional District 4 (116th Congress), Nevada",65742,780709,36.3,37.6,37,30603,98715,489421,304598,73764,247694,56068,29386,1098,32,4,2021,22.63599441,24.21683662
"Congressional District 1 (116th Congress), New Hampshire",84502,694723,41.5,43.1,42.3,44705,50350,456125,293831,42844,228221,26657,55884,1110,33,1,2021,11.68034493,14.58117081
"Congressional District 2 (116th Congress), New Hampshire",82270,677452,42.4,45.1,43.7,43027,48079,438507,283451,43527,223488,34418,55102,1029,33,2,2021,15.40037944,15.35609329
"Congressional District 1 (116th Congress), New Jersey",77735,748305,37.7,40.7,39.1,39534,81150,482679,311763,57384,238201,44205,45289,1040,34,1,2021,18.5578566,18.40628939
"Congressional District 2 (116th Congress), New Jersey",71713,732891,40.7,44.2,42.4,38021,85529,456845,304031,58881,229115,45135,38056,971,34,2,2021,19.69971412,19.3667751
"Congressional District 3 (116th Congress), New Jersey",90408,753485,41.9,45.8,43.9,45963,46191,471771,319877,51452,236939,41576,51110,1348,34,3,2021,17.54713238,16.08493265
"Congressional District 4 (116th Congress), New Jersey",95243,790796,38.5,42.2,40.3,48247,70946,466411,317153,54907,232897,41123,65407,1365,34,4,2021,17.65716175,17.31246433
"Congressional District 5 (116th Congress), New Jersey",115768,747027,42.3,44.2,43.3,56869,37851,471995,311225,55552,234518,36820,73939,1432,34,5,2021,15.7002874,17.84946582
"Congressional District 6 (116th Congress), New Jersey",94689,762161,37.6,39.3,38.4,43128,70533,511097,313751,70923,257136,47331,66009,1437,34,6,2021,18.40699085,22.60486819
"Congressional District 7 (116th Congress), New Jersey",125465,757080,42.1,44.3,43.2,64020,35734,486788,313497,55759,242692,34971,91117,1468,34,7,2021,14.40962207,17.78613511
"Congressional District 8 (116th Congress), New Jersey",69812,806843,35.1,36.2,35.6,41208,119260,561884,326429,74191,286975,45657,62407,1332,34,8,2021,15.90974824,22.72806644
"Congressional District 9 (116th Congress), New Jersey",79452,785894,37.1,39.7,38.3,39633,102699,511711,323181,70503,254704,45195,49439,1320,34,9,2021,17.74412652,21.81532949
"Congressional District 10 (116th Congress), New Jersey",63053,811105,34.9,37.5,36.2,34172,132161,537490,335891,76637,263019,63717,46129,1147,34,10,2021,24.22524608,22.81603258
"Congressional District 11 (116th Congress), New Jersey",126661,757864,41.8,44.5,43.2,62558,32177,482360,318585,51861,240082,33321,93092,1617,34,11,2021,13.87900801,16.27854419
"Congressional District 12 (116th Congress), New Jersey",95129,780573,38.6,41.2,39.9,48123,69665,500746,320776,64732,250755,42611,81890,1348,34,12,2021,16.9930809,20.17981395
"Congressional District 1 (116th Congress), New Mexico",56174,693653,37.7,40.1,38.9,33399,113783,446087,288245,62892,223502,49270,53367,818,35,1,2021,22.04454546,21.81893875
"Congressional District 2 (116th Congress), New Mexico",49266,711510,35.3,37.9,36.6,25475,141066,434670,276949,75332,221785,61118,31084,647,35,2,2021,27.55731903,27.20067594
"Congressional District 3 (116th Congress), New Mexico",56086,704203,38.4,40.6,39.6,30097,124047,432270,286438,71307,215451,59119,43020,814,35,3,2021,27.43964985,24.8943925
"Congressional District 1 (116th Congress), New York",106887,738752,41.3,43.7,42.5,50292,49710,472446,306830,59915,238910,45465,66348,1776,36,1,2021,19.03017873,19.5270997
"Congressional District 2 (116th Congress), New York",114856,730154,39.5,41.7,40.5,45019,43908,481981,303124,55072,242372,41006,58976,1716,36,2,2021,16.91862096,18.16814241
"Congressional District 3 (116th Congress), New York",129774,742196,43.5,46.5,45.2,64624,42239,451021,313211,61349,222845,36978,92084,1863,36,3,2021,16.59359645,19.5871154
"Congressional District 4 (116th Congress), New York",121558,747392,39.3,41.8,40.6,50452,42383,477095,309471,57349,237802,40464,72762,1745,36,4,2021,17.0158367,18.53130019
"Congressional District 5 (116th Congress), New York",80351,813708,37,40.9,39.1,32069,87360,534276,348334,80405,258141,61585,43720,1426,36,5,2021,23.85711685,23.08273094
"Congressional District 6 (116th Congress), New York",74575,760652,40.4,43.5,41.9,37222,85344,490192,327336,73632,240394,43643,63387,1627,36,6,2021,18.15477924,22.49431777
"Congressional District 7 (116th Congress), New York",68032,752935,33.7,35,34.3,40351,161580,507269,302847,73212,254368,57500,54114,1482,36,7,2021,22.60504466,24.17458321
"Congressional District 8 (116th Congress), New York",62483,818072,35,38.3,36.7,36383,160143,536461,366716,84529,245793,66685,63612,1357,36,8,2021,27.13055294,23.05026233
"Congressional District 9 (116th Congress), New York",68747,757933,35.8,39.1,37.6,40438,113096,494481,332830,67123,230121,56562,68601,1404,36,9,2021,24.57924309,20.1673527
"Congressional District 10 (116th Congress), New York",103575,763710,36.5,37.2,36.8,79783,110281,502641,323367,61618,247302,45204,107525,1901,36,10,2021,18.27886552,19.05512931
"Congressional District 11 (116th Congress), New York",81867,761248,38.5,41.9,40.3,38913,91045,486105,319326,80039,239669,53991,60153,1406,36,11,2021,22.52731893,25.06498062
"Congressional District 12 (116th Congress), New York",120915,741461,36.9,36,36.5,100851,72574,538675,343726,52498,263356,36859,128994,2264,36,12,2021,13.9958839,15.2732118
"Congressional District 13 (116th Congress), New York",48638,780893,34.6,37.9,36.2,31751,188064,536323,340042,80836,260468,65987,56707,1233,36,13,2021,25.33401416,23.77235753
"Congressional District 14 (116th Congress), New York",66714,717057,37.1,38.7,37.9,31257,96224,481250,290802,69308,248901,49796,41323,1531,36,14,2021,20.00634791,23.83339867
"Congressional District 15 (116th Congress), New York",34252,755887,30.3,34.5,32.5,18827,249335,493705,309249,99030,233742,75641,16123,1068,36,15,2021,32.36089363,32.02273896
"Congressional District 16 (116th Congress), New York",79013,774781,38.4,42.2,40.4,50302,88067,489478,336397,68159,233320,49343,75353,1401,36,16,2021,21.14820847,20.26147677
"Congressional District 17 (116th Congress), New York",109618,761994,37.6,40.3,38.9,52466,76642,473033,303940,56733,239080,44497,83008,1608,36,17,2021,18.61176175,18.6658551
"Congressional District 18 (116th Congress), New York",94053,743362,38.3,41,39.7,45080,68629,477038,298935,59151,242197,48688,65295,1223,36,18,2021,20.10264372,19.78724472
"Congressional District 19 (116th Congress), New York",70565,701650,43.7,46.1,45,38163,77120,444127,292481,53239,228132,54647,54084,878,36,19,2021,23.95411428,18.20254991
"Congressional District 20 (116th Congress), New York",75361,743851,38.2,40.4,39.3,40854,80746,488374,318771,54394,241212,42973,70983,938,36,20,2021,17.81544865,17.06366012
"Congressional District 21 (116th Congress), New York",62887,708621,39.7,43.1,41.2,32652,83015,454348,282364,56443,240106,58550,44248,752,36,21,2021,24.38506326,19.98944625
"Congressional District 22 (116th Congress), New York",59751,697709,39.8,42.4,41,31929,96905,441771,288772,60049,224147,51183,41514,667,36,22,2021,22.83456839,20.79460613
"Congressional District 23 (116th Congress), New York",57407,694520,39.7,41.9,40.8,31164,97785,441058,287549,58485,223853,54337,45504,693,36,23,2021,24.27351878,20.3391422
"Congressional District 24 (116th Congress), New York",64433,716288,39.1,41.2,40.2,34970,95203,457000,299135,57320,226938,46780,52127,778,36,24,2021,20.61355965,19.16191686
"Congressional District 25 (116th Congress), New York",65722,730626,37.8,40.6,39.1,37437,97761,470218,312049,53292,229602,44571,67113,874,36,25,2021,19.41228735,17.0780871
"Congressional District 26 (116th Congress), New York",55738,738583,37.1,39.6,38.4,33248,123894,480111,316996,60893,234979,47691,54693,739,36,26,2021,20.29585623,19.20939065
"Congressional District 27 (116th Congress), New York",71541,720710,42.8,46,44.4,38582,57770,452791,297975,49321,231315,43805,58421,732,36,27,2021,18.93737976,16.55205974
"Congressional District 1 (116th Congress), North Carolina",50212,741907,36.8,39.6,38.1,29847,136670,480030,319655,71294,230988,63170,42861,685,37,1,2021,27.34774101,22.30342088
"Congressional District 2 (116th Congress), North Carolina",78555,892874,38.2,39.8,39,38595,84173,566956,354578,77591,281000,46751,60524,805,37,2,2021,16.63736655,21.88263231
"Congressional District 3 (116th Congress), North Carolina",56212,752206,34.6,40.9,37.5,30205,100596,475962,296029,67227,251377,47102,34351,711,37,3,2021,18.73759334,22.7095994
"Congressional District 4 (116th Congress), North Carolina",80354,867309,34.3,35.9,35.2,44621,86665,603717,366033,70210,295152,46268,98427,1123,37,4,2021,15.67599068,19.18133065
"Congressional District 5 (116th Congress), North Carolina",52773,756848,39.9,42.1,41,30608,117263,480579,320539,70439,236678,53265,37211,653,37,5,2021,22.50526031,21.97517307
"Congressional District 6 (116th Congress), North Carolina",57137,789755,40.2,42.2,41.1,31862,113181,494506,330528,71324,241483,51601,36268,645,37,6,2021,21.3683779,21.57880724
"Congressional District 7 (116th Congress), North Carolina",56624,772968,40.6,43.5,42.1,32559,116454,478356,328062,70080,235257,50988,37063,748,37,7,2021,21.67331897,21.36181575
"Congressional District 8 (116th Congress), North Carolina",59198,805788,34.4,38,36.1,30823,107071,512533,321568,72165,257333,48478,40061,761,37,8,2021,18.83862544,22.44159867
"Congressional District 9 (116th Congress), North Carolina",69676,764664,38.5,40.4,39.5,40207,100046,481491,309953,73020,237245,51469,48602,729,37,9,2021,21.69445088,23.55841047
"Congressional District 10 (116th Congress), North Carolina",55461,769560,40.8,43.4,42.1,31013,101561,483881,326739,70895,237307,49227,37055,659,37,10,2021,20.74401514,21.69774652
"Congressional District 11 (116th Congress), North Carolina",52667,766426,43.8,46.7,45.3,30559,102299,465963,328690,65580,231986,52143,41121,642,37,11,2021,22.47678739,19.95193039
"Congressional District 12 (116th Congress), North Carolina",66749,895417,33.4,35,34.2,38546,105527,618389,370679,69649,299379,42514,67426,1101,37,12,2021,14.20072884,18.78957265
"Congressional District 13 (116th Congress), North Carolina",57508,791300,38.6,40.6,39.6,32527,108166,507933,334747,70188,247378,46059,40219,738,37,13,2021,18.61887476,20.96747693
"Congressional District (at Large) (116th Congress), North Dakota",68131,773344,34.6,36.1,35.2,37343,80390,489773,295845,39871,257247,28239,32085,764,38,0,2021,10.97738749,13.47698964
"Congressional District 1 (116th Congress), Ohio",67294,763591,35.7,38.1,37,37809,101619,487696,307856,55031,242669,43271,53470,728,39,1,2021,17.83128459,17.8755652
"Congressional District 2 (116th Congress), Ohio",65340,732156,38.6,41.2,39.8,38045,91470,462255,302070,59350,229324,43111,49080,708,39,2,2021,18.79916625,19.64776376
"Congressional District 3 (116th Congress), Ohio",53818,804631,32.1,33.3,32.7,29069,152296,542853,325427,62875,267217,45188,39781,812,39,3,2021,16.91060075,19.32076933
"Congressional District 4 (116th Congress), Ohio",60187,715108,39.9,41.7,40.8,31125,80190,447896,288320,53123,229091,45466,27600,589,39,4,2021,19.84626197,18.42501387
"Congressional District 5 (116th Congress), Ohio",65721,728981,38.6,40.8,39.7,35214,70758,454400,298280,48448,227228,34149,39424,627,39,5,2021,15.02851761,16.24245675
"Congressional District 6 (116th Congress), Ohio",53167,689093,42.1,45.1,43.6,28785,98574,423053,281579,64192,216315,51424,25759,529,39,6,2021,23.77273883,22.79715462
"Congressional District 7 (116th Congress), Ohio",62453,737294,39.5,42.1,40.8,31205,84377,448135,298394,55521,224689,34292,30114,597,39,7,2021,15.26198434,18.60660737
"Congressional District 8 (116th Congress), Ohio",65725,742413,37.9,40.1,39,32889,80787,464613,301087,56021,231868,40689,35953,658,39,8,2021,17.54834647,18.60625002
"Congressional District 9 (116th Congress), Ohio",49073,707993,37.5,39.8,38.6,29392,133264,456512,294404,56367,226244,47728,30494,650,39,9,2021,21.09580807,19.14613932
"Congressional District 10 (116th Congress), Ohio",60211,727632,37.2,40.5,38.9,33910,100608,457714,304121,56377,225837,40946,50028,692,39,10,2021,18.13077574,18.5376873
"Congressional District 11 (116th Congress), Ohio",43082,690420,36.6,40.4,38.6,31853,159217,440881,301126,61998,209143,55755,40486,699,39,11,2021,26.65879327,20.58872366
"Congressional District 12 (116th Congress), Ohio",82486,801233,38.2,40.1,39.1,43347,68993,511230,320988,55142,259045,40493,67015,854,39,12,2021,15.63164701,17.17883535
"Congressional District 13 (116th Congress), Ohio",50500,703031,39.5,42,40.8,28939,117613,448613,300139,59179,222703,44522,30916,638,39,13,2021,19.99164807,19.7171977
"Congressional District 14 (116th Congress), Ohio",75337,726849,42.4,45.6,43.9,42235,57540,445856,302422,48921,224228,32684,51920,817,39,14,2021,14.5762349,16.17640251
"Congressional District 15 (116th Congress), Ohio",72124,764503,37.5,39.2,38.3,37097,81086,502229,305188,55250,259925,53910,50251,853,39,15,2021,20.74059825,18.10359516
"Congressional District 16 (116th Congress), Ohio",75265,734995,41.7,44.8,43.3,40073,50571,450744,305448,48686,225540,28774,52263,798,39,16,2021,12.75782566,15.9392106
"Congressional District 1 (116th Congress), Oklahoma",61601,822185,35.6,37.6,36.6,34819,110152,515561,328483,68452,255754,43598,40558,748,40,1,2021,17.04684971,20.83882575
"Congressional District 2 (116th Congress), Oklahoma",47813,726329,38.7,40.9,39.8,25394,131290,440140,290459,75128,222279,64533,21556,522,40,2,2021,29.03243221,25.86526842
"Congressional District 3 (116th Congress), Oklahoma",57700,783317,35.9,37.8,36.9,29124,111376,491097,303087,67971,255773,56319,29794,597,40,3,2021,22.01913415,22.42623405
"Congressional District 4 (116th Congress), Oklahoma",61545,797930,35.2,37.5,36.4,31460,101311,511930,318505,70573,260124,51443,37589,714,40,4,2021,19.77633744,22.15757994
"Congressional District 5 (116th Congress), Oklahoma",57157,818375,34.4,36.1,35.3,33369,129724,519666,326060,73715,256392,47896,44223,729,40,5,2021,18.68077007,22.60780224
"Congressional District 1 (116th Congress), Oregon",86649,856074,37.5,39,38.3,44200,73009,563818,349034,67008,284434,42267,68330,1343,41,1,2021,14.86003783,19.1981297
"Congressional District 2 (116th Congress), Oregon",61570,843033,40.7,42.8,41.7,32861,106563,508643,341641,67661,258345,55894,43450,889,41,2,2021,21.63541001,19.80470728
"Congressional District 3 (116th Congress), Oregon",76658,844479,37.8,38.5,38.1,42100,101923,582999,352613,59237,294752,46396,70908,1255,41,3,2021,15.74069048,16.79943734
"Congressional District 4 (116th Congress), Oregon",57728,818485,40.3,42.7,41.4,32177,125405,511415,347329,69164,255332,55590,44373,917,41,4,2021,21.77165416,19.91310832
"Congressional District 5 (116th Congress), Oregon",72367,845106,38.6,40.6,39.6,37471,91617,524262,343889,68035,263606,47658,48458,1084,41,5,2021,18.07925465,19.78400007
"Congressional District 1 (116th Congress), Pennsylvania",98257,728310,42.5,44.9,43.7,49781,39653,462972,304684,48232,232202,29863,66531,1182,42,1,2021,12.86078501,15.83017159
"Congressional District 2 (116th Congress), Pennsylvania",50539,741528,33.9,36.6,35.2,26831,176674,478128,301607,74633,233587,64778,31396,878,42,2,2021,27.73185152,24.74511533
"Congressional District 3 (116th Congress), Pennsylvania",54143,736685,33.1,35.3,34.2,38519,152040,508458,331820,67129,239792,59820,65676,1010,42,3,2021,24.9466204,20.23054668
"Congressional District 4 (116th Congress), Pennsylvania",97690,750478,40.1,42.7,41.3,52434,43689,474148,312800,46176,236584,34134,78899,1240,42,4,2021,14.42785649,14.76214834
"Congressional District 5 (116th Congress), Pennsylvania",76124,728014,37.1,39.9,38.5,42880,80852,465398,306942,56841,225957,41823,57021,986,42,5,2021,18.50927389,18.51848232
"Congressional District 6 (116th Congress), Pennsylvania",92406,748941,38.5,40.6,39.5,48586,67305,474099,304261,53874,236326,31549,70149,1045,42,6,2021,13.34977954,17.70650856
"Congressional District 7 (116th Congress), Pennsylvania",72587,742270,39.1,41.9,40.4,37640,77085,471644,308236,54607,236503,39876,46657,983,42,7,2021,16.86067407,17.71597088
"Congressional District 8 (116th Congress), Pennsylvania",59999,711220,41.7,44.4,43,31592,90650,448150,296363,57406,228403,49927,37647,690,42,8,2021,21.85916998,19.37016429
"Congressional District 9 (116th Congress), Pennsylvania",64948,706475,41.8,44.8,43.3,33042,71674,443474,289905,50824,229132,46200,30599,684,42,9,2021,20.16305012,17.53126024
"Congressional District 10 (116th Congress), Pennsylvania",70886,754965,38.7,41.1,40,37351,74229,478114,311342,49693,239976,39641,46205,859,42,10,2021,16.51873521,15.96090473
"Congressional District 11 (116th Congress), Pennsylvania",74768,744465,38.8,40.8,39.7,35865,58374,456887,302239,50331,227986,25904,39920,912,42,11,2021,11.36210118,16.65271524
"Congressional District 12 (116th Congress), Pennsylvania",58714,688872,39.7,42.4,41.1,30454,85164,435985,283791,56951,223843,43368,31327,648,42,12,2021,19.37429359,20.06793732
"Congressional District 13 (116th Congress), Pennsylvania",60107,696156,42.6,45.5,44,31465,73949,426915,286490,51065,219448,42079,29709,634,42,13,2021,19.17492982,17.82435687
"Congressional District 14 (116th Congress), Pennsylvania",63950,690770,43.9,47,45.5,35752,72702,426694,291959,53437,216307,41117,39131,595,42,14,2021,19.00863125,18.3029124
"Congressional District 15 (116th Congress), Pennsylvania",55835,677635,43.2,46.2,44.6,29520,78732,424458,276696,51442,224063,52509,28380,565,42,15,2021,23.43492678,18.59152283
"Congressional District 16 (116th Congress), Pennsylvania",58317,688843,41.1,43.6,42.3,32383,86716,430504,286956,53745,217111,43257,36157,608,42,16,2021,19.92390989,18.72935224
"Congressional District 17 (116th Congress), Pennsylvania",75169,733477,41.4,45,43.1,44531,54271,455773,309209,48507,228833,32253,65903,758,42,17,2021,14.09455804,15.68744765
"Congressional District 18 (116th Congress), Pennsylvania",58735,701546,37.4,40.6,38.9,37954,99052,463446,309320,49473,228477,40941,58673,798,42,18,2021,17.91909032,15.99411613
"Congressional District 1 (116th Congress), Rhode Island",68969,551867,37.7,40.3,38.9,39041,68537,362300,235717,40767,178992,32758,38732,896,44,1,2021,18.3013766,17.29489176
"Congressional District 2 (116th Congress), Rhode Island",79584,540082,39.4,42.4,40.9,40176,49720,355418,231446,38212,177180,31516,39260,971,44,2,2021,17.78756067,16.51011467
"Congressional District 1 (116th Congress), South Carolina",77020,802857,38.5,41.1,40,43359,79773,503157,337387,66886,245248,36216,65157,1153,45,1,2021,14.7670929,19.82471168
"Congressional District 2 (116th Congress), South Carolina",64315,717963,37.5,40,38.8,34919,85655,455848,297274,59797,222986,40176,45975,791,45,2,2021,18.01727463,20.11511266
"Congressional District 3 (116th Congress), South Carolina",53484,700576,39.3,41.9,40.6,29559,108097,437095,290013,64666,217540,47996,32744,596,45,3,2021,22.06306886,22.29762114
"Congressional District 4 (116th Congress), South Carolina",62354,752791,37.3,39.3,38.3,34647,88987,480038,311418,61058,236169,38317,46987,800,45,4,2021,16.22439863,19.60644536
"Congressional District 5 (116th Congress), South Carolina",58828,727226,38.9,41.1,40.1,31811,94429,455862,300756,66608,223235,47947,38889,666,45,5,2021,21.47826282,22.14685659
"Congressional District 6 (116th Congress), South Carolina",42470,653349,35,38.3,36.5,24621,138879,427239,274969,63208,212562,61122,26912,716,45,6,2021,28.75490445,22.98731857
"Congressional District 7 (116th Congress), South Carolina",50463,724141,43.1,45.8,44.4,28744,122525,436629,312532,73011,210354,55782,31876,686,45,7,2021,26.51815511,23.36112782
"Congressional District (at Large) (116th Congress), South Dakota",63920,881785,36.5,37.9,37.1,33468,106291,539841,339964,47726,277725,35498,38009,695,46,0,2021,12.78170852,14.03854526
"Congressional District 1 (116th Congress), Tennessee",48817,725183,42.6,45.2,44,28385,115713,451183,306707,71698,224970,57064,28180,576,47,1,2021,25.3651598,23.37670806
"Congressional District 2 (116th Congress), Tennessee",60829,767016,38.8,41,39.9,34472,93910,490768,323334,67546,242897,47414,45478,752,47,2,2021,19.52020815,20.89047239
"Congressional District 3 (116th Congress), Tennessee",55944,734250,40.4,42.8,41.6,32576,102188,462295,307505,67817,229853,50419,35330,670,47,3,2021,21.93532388,22.05395034
"Congressional District 4 (116th Congress), Tennessee",61300,821348,36.6,38.9,37.8,30069,102538,530197,332088,73969,265005,47726,33154,771,47,4,2021,18.00947152,22.27391535
"Congressional District 5 (116th Congress), Tennessee",65700,792617,34.6,35.6,35.1,39879,107565,543006,335005,58325,265348,36040,55685,1087,47,5,2021,13.5821638,17.41018791
"Congressional District 6 (116th Congress), Tennessee",61426,800493,39.4,41.9,40.6,31720,100078,501047,326160,69628,251342,50506,34280,713,47,6,2021,20.09453255,21.34780476
"Congressional District 7 (116th Congress), Tennessee",65409,812291,36.9,38.8,37.7,35641,88015,516269,321793,76628,259943,56768,47487,749,47,7,2021,21.83863385,23.81282377
"Congressional District 8 (116th Congress), Tennessee",64397,712769,40.2,42,41,36472,86967,441499,293029,69002,218006,50311,43668,595,47,8,2021,23.0778052,23.54783997
"Congressional District 9 (116th Congress), Tennessee",44723,693530,32.2,35.4,33.8,26162,158955,450329,289069,67173,213128,54791,32838,748,47,9,2021,25.70802522,23.23770449
"Congressional District 1 (116th Congress), Texas",56227,720481,36.3,38.4,37.4,28842,114045,442395,290424,68972,218861,47256,25348,729,48,1,2021,21.59178657,23.748726
"Congressional District 2 (116th Congress), Texas",84530,814155,34.4,35.9,35.2,44325,86555,538211,321589,75333,268868,39903,58647,1202,48,2,2021,14.84111162,23.42524154
"Congressional District 3 (116th Congress), Texas",104676,910097,36.7,38.1,37.4,49602,58667,603799,358819,81291,301154,38395,99593,1368,48,3,2021,12.74929106,22.65515483
"Congressional District 4 (116th Congress), Texas",64245,783941,38.1,39.7,38.9,32341,95325,482903,311579,71717,241534,51392,32057,719,48,4,2021,21.2773357,23.01727652
"Congressional District 5 (116th Congress), Texas",59889,773738,35.1,37.3,36.1,28887,98912,489163,295012,73152,252761,56171,26597,892,48,5,2021,22.22296952,24.79627947
"Congressional District 6 (116th Congress), Texas",76960,821592,34.2,36.4,35.4,34040,78231,537046,329709,69803,261825,39411,44111,1065,48,6,2021,15.05242051,21.1710933
"Congressional District 7 (116th Congress), Texas",77323,791353,34.3,35.8,35.1,49730,87774,520094,310696,72304,258945,34754,67712,1181,48,7,2021,13.42138292,23.27162242
"Congressional District 8 (116th Congress), Texas",80724,901501,37.1,37.6,37.3,39783,90220,578108,343784,91038,299496,64857,48300,1058,48,8,2021,21.65538104,26.48116259
"Congressional District 9 (116th Congress), Texas",52440,765963,33.1,34.6,33.8,25107,142995,512930,309876,79510,248464,48515,32555,928,48,9,2021,19.52596754,25.65865056
"Congressional District 10 (116th Congress), Texas",85693,921341,35.2,36.4,35.7,40932,79496,599752,358481,78533,303374,42845,67321,1179,48,10,2021,14.12283188,21.90715826
"Congressional District 11 (116th Congress), Texas",65164,771174,34.6,36.5,35.5,33907,94108,473437,294776,70745,242953,39116,26788,842,48,11,2021,16.10023338,23.99957934
"Congressional District 12 (116th Congress), Texas",76977,846301,35.1,36.2,35.7,38156,79784,550720,340519,75014,270380,39965,46144,1067,48,12,2021,14.78104889,22.02931408
"Congressional District 13 (116th Congress), Texas",57354,709295,35.5,37.6,36.5,29409,95651,442681,269901,60100,231985,50519,22531,697,48,13,2021,21.77683902,22.26742398
"Congressional District 14 (116th Congress), Texas",69431,771651,36.6,37.8,37.3,34455,95680,495427,298354,76605,256330,62464,30002,885,48,14,2021,24.36858737,25.67587497
"Congressional District 15 (116th Congress), Texas",50864,803835,30.3,32.2,31.2,21777,193072,495756,296987,90148,248420,58600,23599,675,48,15,2021,23.589083,30.35419059
"Congressional District 16 (116th Congress), Texas",52510,755415,31.1,34.3,32.6,24982,138084,482257,291212,80030,244026,47550,30820,774,48,16,2021,19.48562858,27.48169718
"Congressional District 17 (116th Congress), Texas",60005,802448,32.2,34,33.1,31533,131032,536867,321128,72077,270745,53474,43914,906,48,17,2021,19.75068792,22.44494407
"Congressional District 18 (116th Congress), Texas",51725,789886,32.6,33.3,33,29630,167750,530609,305324,85551,268468,60056,32733,908,48,18,2021,22.36989138,28.01974296
"Congressional District 19 (116th Congress), Texas",55571,728159,32.6,34.2,33.4,28730,110555,466497,279630,63807,242076,51222,27853,738,48,19,2021,21.15947058,22.81836713
"Congressional District 20 (116th Congress), Texas",57043,798649,31.6,33.8,32.7,27122,137383,526618,312675,71675,266671,51075,37008,913,48,20,2021,19.15281377,22.92316303
"Congressional District 21 (116th Congress), Texas",78381,826193,37.5,38.9,38.2,47599,81273,547464,347973,66790,271533,39521,72968,1171,48,21,2021,14.55476867,19.19401793
"Congressional District 22 (116th Congress), Texas",103893,961113,35.8,36.8,36.4,42671,67860,616255,366329,89638,307827,49509,84828,1252,48,22,2021,16.0833845,24.46926124
"Congressional District 23 (116th Congress), Texas",63224,806245,33.3,35.1,34.2,29200,125362,507942,299264,81712,263291,56243,32808,805,48,23,2021,21.36153534,27.30431993
"Congressional District 24 (116th Congress), Texas",82358,809110,35.4,36.7,36.1,47421,58997,555207,326864,61213,278039,29990,76278,1194,48,24,2021,10.7862566,18.72736061
"Congressional District 25 (116th Congress), Texas",81467,832621,36.6,38.2,37.4,43029,78441,537350,328223,79088,271444,48831,61939,1061,48,25,2021,17.98934587,24.09581291
"Congressional District 26 (116th Congress), Texas",101044,923492,35.5,36.6,36,45663,63081,615665,362117,71658,306942,37626,72780,1231,48,26,2021,12.25834197,19.78863185
"Congressional District 27 (116th Congress), Texas",59646,739341,35.9,38,36.9,29536,115641,456705,290952,73648,229689,46205,24014,846,48,27,2021,20.11633121,25.31276637
"Congressional District 28 (116th Congress), Texas",56194,770051,31.1,33.6,32.2,23721,158410,473761,290167,85885,233519,52775,23652,750,48,28,2021,22.5998741,29.5984726
"Congressional District 29 (116th Congress), Texas",49795,734456,30.8,31.4,31,20561,163218,474524,264716,90969,245554,44287,10544,844,48,29,2021,18.03554412,34.36475317
"Congressional District 30 (116th Congress), Texas",55861,789297,31.9,33.9,32.8,26804,146289,512549,308865,82508,250876,56652,29778,996,48,30,2021,22.58167381,26.71328898
"Congressional District 31 (116th Congress), Texas",80050,914699,34.4,36,35.2,38021,80800,593691,356893,74363,297866,42798,61996,1071,48,31,2021,14.36820584,20.83621702
"Congressional District 32 (116th Congress), Texas",80661,771112,35.3,36.1,35.7,49477,78314,516571,311982,63067,257607,34192,61530,1207,48,32,2021,13.27293125,20.2149483
"Congressional District 33 (116th Congress), Texas",48371,727423,30.8,31.1,30.9,20164,150629,467720,266070,81372,237738,41887,12805,878,48,33,2021,17.61897551,30.5829293
"Congressional District 34 (116th Congress), Texas",44413,712253,31.3,34.2,32.7,20008,177204,429675,265570,80181,218280,61649,17018,608,48,34,2021,28.24308228,30.19203976
"Congressional District 35 (116th Congress), Texas",56183,805089,32.7,33.3,33,28055,139636,551517,314101,73086,283304,50774,32339,980,48,35,2021,17.92209076,23.26831179
"Congressional District 36 (116th Congress), Texas",65901,759111,36.3,37.5,36.9,31928,104643,478517,293494,84978,242963,53506,23678,879,48,36,2021,22.02228323,28.95391388
"Congressional District 1 (116th Congress), Utah",78171,792511,30.8,32,31.3,32260,66919,495740,286663,61356,252855,30691,36144,878,49,1,2021,12.13778648,21.40352958
"Congressional District 2 (116th Congress), Utah",71984,792727,33,33.7,33.4,33432,78409,497894,301002,60382,253433,35473,42798,985,49,2,2021,13.99699329,20.06033183
"Congressional District 3 (116th Congress), Utah",82471,778400,28,29.5,28.7,34999,71737,493703,288783,62147,249353,27862,44923,1081,49,3,2021,11.17371758,21.5203111
"Congressional District 4 (116th Congress), Utah",84261,867732,31,31.6,31.3,32894,61421,546222,313333,63267,277995,31387,42568,1171,49,4,2021,11.29049084,20.19161723
"Congressional District (at Large) (116th Congress), Vermont",67674,641637,41.3,43.9,42.7,37903,64962,412344,273350,37034,205971,33751,54302,932,50,0,2021,16.38628739,13.54819828
"Congressional District 1 (116th Congress), Virginia",96772,816464,38.5,40.4,39.5,43379,55260,520333,326818,62665,261779,38532,66784,1272,51,1,2021,14.71928612,19.17428049
"Congressional District 2 (116th Congress), Virginia",77519,747365,34.7,38.7,36.6,40153,61464,491635,303585,55579,251351,32323,55132,1175,51,2,2021,12.85970615,18.30755802
"Congressional District 3 (116th Congress), Virginia",60376,752479,33.4,36.7,34.9,33420,109771,495451,312171,61019,243059,43361,40721,950,51,3,2021,17.83970147,19.54665872
"Congressional District 4 (116th Congress), Virginia",65153,785406,37,39,37.9,35374,97526,522962,328874,63427,259729,53681,49338,926,51,4,2021,20.66808096,19.28610957
"Congressional District 5 (116th Congress), Virginia",61856,741491,41.1,44.5,42.8,35531,89538,461096,314585,62591,229503,54515,46136,722,51,5,2021,23.75350213,19.89637141
"Congressional District 6 (116th Congress), Virginia",60467,759456,38.7,40.7,39.7,32350,90857,482595,321212,58344,239259,44614,40764,743,51,6,2021,18.64673847,18.16370497
"Congressional District 7 (116th Congress), Virginia",87403,811302,38.5,40.9,39.7,43287,59053,514477,332575,60058,254476,38409,67519,1137,51,7,2021,15.09336833,18.05848305
"Congressional District 8 (116th Congress), Virginia",116876,796645,36.3,37.1,36.7,65061,61628,545730,325354,49865,274185,27756,135083,1848,51,8,2021,10.12309207,15.32638296
"Congressional District 9 (116th Congress), Virginia",48429,698788,41.5,45.1,43.2,27343,117020,443185,294393,71643,227544,66020,31763,542,51,9,2021,29.01416869,24.33583679
"Congressional District 10 (116th Congress), Virginia",139983,869926,38.3,39,38.6,59909,36102,561901,335527,63683,284119,35257,115694,1640,51,10,2021,12.40923697,18.97999267
"Congressional District 11 (116th Congress), Virginia",122500,803157,36.1,37.3,36.7,54655,50445,535642,322702,56746,266415,31247,113556,1828,51,11,2021,11.72869395,17.58464466
"Congressional District 1 (116th Congress), Washington",109851,778963,38,38.9,38.4,54536,51201,504586,304794,67149,258917,35200,73641,1676,53,1,2021,13.59509032,22.03094549
"Congressional District 2 (116th Congress), Washington",79553,758640,37.9,39.8,38.9,40444,72836,497534,313355,61098,253085,38543,47096,1346,53,2,2021,15.2292708,19.49801344
"Congressional District 3 (116th Congress), Washington",74610,762407,39.2,41,40.1,36804,78213,475422,307907,69087,238208,44624,39035,1143,53,3,2021,18.73320795,22.43761915
"Congressional District 4 (116th Congress), Washington",64790,744547,33.6,34.6,34.1,29273,103047,448944,273995,63753,229739,45458,27594,808,53,4,2021,19.78680154,23.26794285
"Congressional District 5 (116th Congress), Washington",61935,742007,37.2,39.1,38.1,33231,93437,473244,301789,61387,239835,47936,40397,846,53,5,2021,19.98707445,20.34103297
"Congressional District 6 (116th Congress), Washington",73806,729130,40.4,44,42.1,40248,70280,453551,299778,62339,233633,46177,45414,1119,53,6,2021,19.76475926,20.79505501
"Congressional District 7 (116th Congress), Washington",105480,787902,36.1,36.8,36.4,66731,68942,571478,337615,45837,292888,34707,107734,1675,53,7,2021,11.84992215,13.5767072
"Congressional District 8 (116th Congress), Washington",100245,772133,37.8,38.8,38.3,47128,55292,501062,301620,62246,253373,34963,52913,1371,53,8,2021,13.79902357,20.63722565
"Congressional District 9 (116th Congress), Washington",92847,765280,36,38,36.9,51888,76727,516204,304954,57422,269146,39069,70613,1585,53,9,2021,14.5159133,18.82972514
"Congressional District 10 (116th Congress), Washington",78157,776355,34.8,37.5,36.1,36155,76929,501118,310024,64709,253732,42861,39888,1271,53,10,2021,16.89223275,20.87225505
"Congressional District 1 (116th Congress), West Virginia",53134,604226,40.2,43.1,41.7,30336,88822,383874,250990,57275,196729,47295,32033,601,54,1,2021,24.04068541,22.81963425
"Congressional District 2 (116th Congress), West Virginia",56286,621999,41.7,43.8,42.7,31068,89195,386219,257395,62133,193229,47506,28470,627,54,2,2021,24.58533657,24.13916354
"Congressional District 3 (116th Congress), West Virginia",42763,574824,42.2,44.9,43.6,24609,117615,349746,239783,73766,175778,64816,21043,501,54,3,2021,36.87378398,30.7636488
"Congressional District 1 (116th Congress), Wisconsin",74404,725418,40.1,42.2,41.1,38094,60634,462461,293296,46995,234196,35230,40356,840,55,1,2021,15.04295547,16.02306203
"Congressional District 2 (116th Congress), Wisconsin",74891,783230,36,37.6,36.8,41577,80167,518584,319733,41451,262105,31268,59481,981,55,2,2021,11.92957021,12.96425455
"Congressional District 3 (116th Congress), Wisconsin",62477,731014,38.2,39.7,38.9,32934,82209,465516,294276,40646,239669,34776,31131,695,55,3,2021,14.51001172,13.81220351
"Congressional District 4 (116th Congress), Wisconsin",49504,696075,32.2,34.3,33.2,28989,147776,452238,280891,57914,219811,47802,35975,772,55,4,2021,21.74686435,20.61796213
"Congressional District 5 (116th Congress), Wisconsin",79849,732692,40.3,42.9,41.6,44252,48143,466415,305766,39036,234100,26081,48936,891,55,5,2021,11.1409654,12.76662546
"Congressional District 6 (116th Congress), Wisconsin",66072,725311,40.8,42.8,41.8,36238,59718,456631,291759,39330,237130,36025,33480,688,55,6,2021,15.19208873,13.48030395
"Congressional District 7 (116th Congress), Wisconsin",63440,729683,44,45.2,44.5,34435,69136,441725,291841,42565,227005,34398,30407,637,55,7,2021,15.1529702,14.58499662
"Congressional District 8 (116th Congress), Wisconsin",68745,748238,39.9,41.3,40.5,36783,62849,471188,300150,41536,239599,31650,32271,704,55,8,2021,13.20957099,13.83841413
"Congressional District (at Large) (116th Congress), Wyoming",68002,576641,37.8,38.7,38.2,36288,60482,360588,222884,38663,187275,24713,30947,752,56,0,2021,13.19610199,17.34669155
"Resident Commissioner District (at Large) (116th Congress), Puerto Rico",21967,3311274,41.2,44.8,43.1,14047,1400997,2094011,1486792,560520,1005686,430646,129632,392,72,98,2021,42.82111912,37.69996072