Name,Household Income,Population,Median Age,Per Capita Income,Poverty Count,Total Work Force,Total Female Workforce,Total Female Did Not Work,Total Male Workforce,Total Male Did Not Work,Masters Attainment,Median Rent,state,Year,state_code,geometry,id,properties,Male DNW %,Female DNW %,DNW Delta,Poverty Rate
Alabama,54943.0,4997675.0,39.3,30458.0,769819.0,3161072.0,2083785.0,524779.0,1549575.0,371362.0,251040.0,630.0,01,2021,1,<fiona.model.Geometry object at 0x000001BBB6E3F4F0>,1,<fiona.model.Properties object at 0x000001BBB6E3ED10>,23.965409870448347,25.18393212351562,1.218522253067274,15.403542647331008
Alaska,80287.0,735951.0,35.0,39236.0,75016.0,481977.0,271261.0,54983.0,255877.0,43700.0,39503.0,1153.0,02,2021,2,<fiona.model.Geometry object at 0x000001BBB6E3E740>,2,<fiona.model.Properties object at 0x000001BBB6E3E830>,17.078518194288662,20.26940842951991,3.1908902352312474,10.19306991905711
Arizona,65913.0,7079203.0,38.1,34644.0,934911.0,4406765.0,2846006.0,634233.0,2227680.0,444809.0,413353.0,994.0,04,2021,4,<fiona.model.Geometry object at 0x000001BBB6E3EF20>,4,<fiona.model.Properties object at 0x000001BBB6E3E950>,19.96736515118868,22.285019778594986,2.3176546274063057,13.206444284759174
Arkansas,52123.0,3006309.0,38.3,29210.0,468113.0,1876894.0,1219539.0,287362.0,935991.0,232365.0,129009.0,612.0,05,2021,5,<fiona.model.Geometry object at 0x000001BBB6E3D870>,5,<fiona.model.Properties object at 0x000001BBB6E3F310>,24.825559220120706,23.563166081609527,-1.2623931385111788,15.57102080990344
California,84097.0,39455353.0,37.0,41276.0,4741175.0,25829825.0,15857294.0,3798202.0,13092884.0,2633897.0,2449563.0,1547.0,06,2021,6,<fiona.model.Geometry object at 0x000001BBB0F2A4D0>,6,<fiona.model.Properties object at 0x000001BBB6BAFDC0>,20.117011653047562,23.952396922198705,3.8353852691511428,12.016557043603184
Colorado,80184.0,5723176.0,37.1,42807.0,535976.0,3787145.0,2283279.0,407586.0,1943856.0,274524.0,465071.0,1325.0,08,2021,8,<fiona.model.Geometry object at 0x000001BBB6DB21A0>,8,<fiona.model.Properties object at 0x000001BBB6DB2BF0>,14.122651060572387,17.850906525220964,3.7282554646485764,9.365009917570244
Connecticut,83572.0,3605330.0,41.0,47869.0,351476.0,2334482.0,1518059.0,267696.0,1162699.0,201907.0,334219.0,1069.0,09,2021,9,<fiona.model.Geometry object at 0x000001BBB6BAE8F0>,9,<fiona.model.Properties object at 0x000001BBB6BAEFB0>,17.36537143319122,17.634097225470157,0.26872579227893567,9.748788599101886
Delaware,72724.0,981892.0,41.1,38917.0,109274.0,612423.0,414664.0,75737.0,300128.0,57780.0,71962.0,1020.0,10,2021,10,<fiona.model.Geometry object at 0x000001BBB6BAEF80>,10,<fiona.model.Properties object at 0x000001BBB6BAFA30>,19.25178590468067,18.2646672968958,-0.9871186077848684,11.128922529157993
District of Columbia,93547.0,683154.0,34.3,63793.0,100618.0,485206.0,301403.0,48860.0,232484.0,41004.0,106838.0,1595.0,11,2021,11,<fiona.model.Geometry object at 0x000001BBB6BAF580>,11,<fiona.model.Properties object at 0x000001BBB6BAFF10>,17.63734278487982,16.21085390656364,-1.4264888783161815,14.728450686082494
Florida,61777.0,21339762.0,42.3,35216.0,2744612.0,13230059.0,9011799.0,1878131.0,6588323.0,1392215.0,1253271.0,1149.0,12,2021,12,<fiona.model.Geometry object at 0x000001BBB6BAD360>,12,<fiona.model.Properties object at 0x000001BBB6BAF790>,21.131553507622503,20.84079993350939,-0.2907535741131113,12.861493019462916
Georgia,65030.0,10625615.0,37.1,34516.0,1441351.0,6905207.0,4337320.0,982023.0,3396743.0,704150.0,643718.0,902.0,13,2021,13,<fiona.model.Geometry object at 0x000001BBB6BAFD90>,13,<fiona.model.Properties object at 0x000001BBB6BAFF70>,20.730152384210403,22.641239290621858,1.9110869064114553,13.564871303919821
Hawaii,88005.0,1453498.0,39.6,39045.0,133740.0,905722.0,586446.0,101853.0,464879.0,80304.0,83849.0,1591.0,15,2021,15,<fiona.model.Geometry object at 0x000001BBB6E3C460>,15,<fiona.model.Properties object at 0x000001BBB6BAF370>,17.274172419059582,17.367839494173378,0.09366707511379602,9.201251050913038
Idaho,63377.0,1811617.0,36.8,31509.0,202560.0,1118147.0,700696.0,139528.0,567621.0,85131.0,79872.0,817.0,16,2021,16,<fiona.model.Geometry object at 0x000001BBB6E3FF70>,16,<fiona.model.Properties object at 0x000001BBB6E3DC60>,14.997859487228274,19.912772443399135,4.914912956170861,11.181171296140409
Illinois,72563.0,12821813.0,38.5,39571.0,1483378.0,8263243.0,5244168.0,1028603.0,4141591.0,769471.0,920298.0,941.0,17,2021,17,<fiona.model.Geometry object at 0x000001BBB6E3FBE0>,17,<fiona.model.Properties object at 0x000001BBB6E3EC50>,18.5791160933081,19.614226699068375,1.0351106057602735,11.569175123674007
Indiana,61944.0,6751340.0,37.9,32537.0,819005.0,4285682.0,2721365.0,530900.0,2149371.0,381710.0,334885.0,709.0,18,2021,18,<fiona.model.Geometry object at 0x000001BBB6E3F910>,18,<fiona.model.Properties object at 0x000001BBB6E3F6D0>,17.759149071984314,19.508592195460732,1.7494431234764178,12.13099917942216
Iowa,65429.0,3179090.0,38.3,34817.0,339695.0,1983107.0,1268973.0,184348.0,1009218.0,138478.0,144056.0,689.0,19,2021,19,<fiona.model.Geometry object at 0x000001BBB6E3FA00>,19,<fiona.model.Properties object at 0x000001BBB6E3F8B0>,13.721316900808349,14.527338249119564,0.8060213483112157,10.685290444749914
Kansas,64521.0,2932099.0,37.0,34968.0,327209.0,1835449.0,1155964.0,197110.0,933001.0,135910.0,181958.0,706.0,20,2021,20,<fiona.model.Geometry object at 0x000001BBB6E3FD60>,20,<fiona.model.Properties object at 0x000001BBB6E3FB80>,14.566972597028299,17.05156908000595,2.4845964829776523,11.159548159867725
Kentucky,55454.0,4494141.0,39.0,30634.0,709140.0,2853358.0,1829198.0,416113.0,1430280.0,334226.0,232970.0,642.0,21,2021,21,<fiona.model.Geometry object at 0x000001BBB6E3FF40>,21,<fiona.model.Properties object at 0x000001BBB6E3FE50>,23.36787202505803,22.748384811267016,-0.6194872137910146,15.779211199648609
Louisiana,53571.0,4657305.0,37.4,30340.0,850486.0,2957075.0,1894388.0,475969.0,1464674.0,384788.0,200435.0,748.0,22,2021,22,<fiona.model.Geometry object at 0x000001BBB6E3C040>,22,<fiona.model.Properties object at 0x000001BBB6E3C190>,26.27123851450903,25.125211941798618,-1.1460265727104115,18.261333539461127
Maine,63182.0,1357046.0,44.7,36171.0,145992.0,853972.0,580836.0,89929.0,424766.0,72134.0,89039.0,810.0,23,2021,23,<fiona.model.Geometry object at 0x000001BBB6E3CB50>,23,<fiona.model.Properties object at 0x000001BBB6E3C130>,16.982056002599077,15.482683580218858,-1.499372422380219,10.75807304984503
Maryland,91431.0,6148545.0,38.9,45915.0,550074.0,3981675.0,2557410.0,453034.0,1959111.0,334264.0,578591.0,1330.0,24,2021,24,<fiona.model.Geometry object at 0x000001BBB6E3C340>,24,<fiona.model.Properties object at 0x000001BBB6E3D090>,17.06202456114023,17.714562780312896,0.6525382191726656,8.946409272437625
Massachusetts,89026.0,6991852.0,39.6,48617.0,668780.0,4617875.0,2984786.0,485935.0,2281301.0,369532.0,701003.0,1269.0,25,2021,25,<fiona.model.Geometry object at 0x000001BBB6E3D7B0>,25,<fiona.model.Properties object at 0x000001BBB6E3CDF0>,16.198300881821382,16.280396651552238,0.08209576973085575,9.565133815761547
Michigan,63202.0,10062512.0,39.8,34768.0,1310058.0,6403437.0,4141477.0,833443.0,3210265.0,638163.0,615472.0,779.0,26,2021,26,<fiona.model.Geometry object at 0x000001BBB6E3CE80>,26,<fiona.model.Properties object at 0x000001BBB6E3C3D0>,19.878826202821262,20.1242938207794,0.24546761795813765,13.019194411892379
Minnesota,77706.0,5670472.0,38.2,41204.0,512312.0,3594435.0,2257608.0,297775.0,1823837.0,229582.0,354504.0,972.0,27,2021,27,<fiona.model.Geometry object at 0x000001BBB6DB3520>,27,<fiona.model.Properties object at 0x000001BBB6DB2FE0>,12.587857357866959,13.189845181271505,0.6019878234045457,9.034732911122742
Mississippi,49111.0,2967023.0,37.8,26807.0,557111.0,1871486.0,1218071.0,311051.0,917984.0,258512.0,127528.0,625.0,28,2021,28,<fiona.model.Geometry object at 0x000001BBB5E2BAF0>,28,<fiona.model.Properties object at 0x000001BBB6DB3910>,28.16083940460836,25.536360359946176,-2.624479044662184,18.77676715010298
Missouri,61043.0,6141534.0,38.8,33770.0,762023.0,3876941.0,2513894.0,468640.0,1935325.0,363428.0,363092.0,692.0,29,2021,29,<fiona.model.Geometry object at 0x000001BBB6E3CD00>,29,<fiona.model.Properties object at 0x000001BBB5E2B760>,18.778654747910558,18.641995247214084,-0.13665950069647437,12.407698141864882
Montana,60560.0,1077978.0,40.0,34423.0,131512.0,670145.0,432970.0,71423.0,341728.0,52360.0,57507.0,772.0,30,2021,30,<fiona.model.Geometry object at 0x000001BBB6E3EF80>,30,<fiona.model.Properties object at 0x000001BBB6E3D060>,15.322127540031838,16.49606208282329,1.1739345427914518,12.199877919586486
Nebraska,66644.0,1951480.0,36.7,35189.0,195455.0,1213644.0,762767.0,108892.0,617589.0,74227.0,103385.0,746.0,31,2021,31,<fiona.model.Geometry object at 0x000001BBB6E3D210>,31,<fiona.model.Properties object at 0x000001BBB6E3D120>,12.018834532350803,14.275919120780003,2.2570845884291995,10.01573164982475
Nevada,65686.0,3059238.0,38.3,34621.0,388814.0,1960701.0,1215518.0,272762.0,998651.0,193660.0,134479.0,1087.0,32,2021,32,<fiona.model.Geometry object at 0x000001BBB6E3D3F0>,32,<fiona.model.Properties object at 0x000001BBB6E3D300>,19.392160023872204,22.439980321147033,3.0478202972748285,12.709504785178531
New Hampshire,83449.0,1372175.0,43.0,43877.0,98429.0,894632.0,577282.0,86371.0,451709.0,61075.0,110986.0,1076.0,33,2021,33,<fiona.model.Geometry object at 0x000001BBB6E3CC70>,33,<fiona.model.Properties object at 0x000001BBB6E3D4E0>,13.520872951391272,14.961665182701003,1.4407922313097306,7.173210414123563
New Jersey,89703.0,9234024.0,40.0,46691.0,883896.0,5941777.0,3816159.0,742782.0,2967033.0,521662.0,763884.0,1297.0,34,2021,34,<fiona.model.Geometry object at 0x000001BBB6E3DAE0>,34,<fiona.model.Properties object at 0x000001BBB6E3D660>,17.58194128612658,19.464126101664004,1.8821848155374248,9.572164854672243
New Mexico,54020.0,2109366.0,38.3,29624.0,378896.0,1313027.0,851632.0,209531.0,660738.0,169507.0,127471.0,770.0,35,2021,35,<fiona.model.Geometry object at 0x000001BBB6E3D9F0>,35,<fiona.model.Properties object at 0x000001BBB6E3C070>,25.65419273600126,24.603467225280404,-1.0507255107208557,17.96255367726606
New York,75157.0,20114745.0,39.2,43208.0,2636823.0,13053268.0,8472575.0,1743394.0,6459065.0,1364431.0,1706772.0,1265.0,36,2021,36,<fiona.model.Geometry object at 0x000001BBB6E3DC30>,36,<fiona.model.Properties object at 0x000001BBB6E3D720>,21.124280371849487,20.57690843692738,-0.5473719349221078,13.108905929456228
North Carolina,60516.0,10367022.0,39.0,34209.0,1379672.0,6650296.0,4307800.0,919662.0,3282563.0,649035.0,621189.0,799.0,37,2021,37,<fiona.model.Geometry object at 0x000001BBB6E3CC10>,37,<fiona.model.Properties object at 0x000001BBB6E3DEA0>,19.772202391850513,21.348762709503692,1.576560317653179,13.308276957452199
North Dakota,68131.0,773344.0,35.2,37343.0,80390.0,489773.0,295845.0,39871.0,257247.0,28239.0,32085.0,764.0,38,2021,38,<fiona.model.Geometry object at 0x000001BBB6E3E020>,38,<fiona.model.Properties object at 0x000001BBB6E3CC40>,10.977387491399316,13.47698963984519,2.4996021484458737,10.395115239789796
Ohio,61938.0,11769923.0,39.4,34526.0,1528963.0,7444680.0,4836849.0,896481.0,3721066.0,682402.0,674554.0,700.0,39,2021,39,<fiona.model.Geometry object at 0x000001BBB6E3E230>,39,<fiona.model.Properties object at 0x000001BBB6E3E140>,18.338884609947794,18.534401218644618,0.19551660869682408,12.9904248311565
Oklahoma,56956.0,3948136.0,36.8,30976.0,583853.0,2478394.0,1566594.0,355839.0,1250322.0,263789.0,173720.0,679.0,40,2021,40,<fiona.model.Geometry object at 0x000001BBB6E3C7C0>,40,<fiona.model.Properties object at 0x000001BBB6E3DF00>,21.097685236283134,22.714181210958294,1.6164959746751606,14.788067077729846
Oregon,70084.0,4207177.0,39.6,37816.0,498517.0,2691137.0,1734506.0,331105.0,1356469.0,247805.0,275519.0,1114.0,41,2021,41,<fiona.model.Geometry object at 0x000001BBBA294130>,41,<fiona.model.Properties object at 0x000001BBBA294D00>,18.26838652412993,19.089296894908408,0.8209103707784777,11.849204347713442
Pennsylvania,67587.0,12970650.0,40.8,37725.0,1482811.0,8225247.0,5414620.0,974366.0,4124530.0,759039.0,859980.0,835.0,42,2021,42,<fiona.model.Geometry object at 0x000001BBBA295840>,42,<fiona.model.Properties object at 0x000001BBBA294250>,18.403042286030164,17.995094761959287,-0.4079475240708774,11.43204850951957
Rhode Island,74489.0,1091949.0,40.0,39603.0,118257.0,717718.0,467163.0,78979.0,356172.0,64274.0,77992.0,929.0,44,2021,44,<fiona.model.Geometry object at 0x000001BBBA294850>,44,<fiona.model.Properties object at 0x000001BBBA294550>,18.045775636490234,16.906090593647185,-1.1396850428430483,10.829901396493792
South Carolina,58234.0,5078903.0,39.8,32823.0,718345.0,3195868.0,2124349.0,455234.0,1568094.0,327556.0,288540.0,762.0,45,2021,45,<fiona.model.Geometry object at 0x000001BBBA295540>,45,<fiona.model.Properties object at 0x000001BBBA2946D0>,20.88879875823771,21.429341412357385,0.5405426541196761,14.143703866760204
South Dakota,63920.0,881785.0,37.1,33468.0,106291.0,539841.0,339964.0,47726.0,277725.0,35498.0,38009.0,695.0,46,2021,46,<fiona.model.Geometry object at 0x000001BBBA2953C0>,46,<fiona.model.Properties object at 0x000001BBBA294910>,12.781708524619678,14.038545257733173,1.256836733113495,12.054072137766008
Tennessee,58516.0,6859497.0,38.8,32908.0,955929.0,4386593.0,2834690.0,621786.0,2170492.0,451039.0,356100.0,751.0,47,2021,47,<fiona.model.Geometry object at 0x000001BBBA294C70>,47,<fiona.model.Properties object at 0x000001BBBA294A90>,20.780495850710345,21.9348852960994,1.1543894453890537,13.935846899561295
Texas,67321.0,28862581.0,35.0,34255.0,3965117.0,18640383.0,11234055.0,2747561.0,9393808.0,1723985.0,1522588.0,971.0,48,2021,48,<fiona.model.Geometry object at 0x000001BBBA295720>,48,<fiona.model.Properties object at 0x000001BBBA294C10>,18.352355083263358,24.45742877349274,6.105073690229382,13.737915538461372
Utah,79133.0,3231370.0,31.3,33378.0,278486.0,2033559.0,1189781.0,247152.0,1033636.0,125413.0,166433.0,1040.0,49,2021,49,<fiona.model.Geometry object at 0x000001BBBA2964A0>,49,<fiona.model.Properties object at 0x000001BBBA294E80>,12.133188085554295,20.77289854183249,8.639710456278195,8.618202186688618
Vermont,67674.0,641637.0,42.7,37903.0,64962.0,412344.0,273350.0,37034.0,205971.0,33751.0,54302.0,932.0,50,2021,50,<fiona.model.Geometry object at 0x000001BBBA294DC0>,50,<fiona.model.Properties object at 0x000001BBBA295000>,16.386287389972374,13.548198280592647,-2.8380891093797267,10.124416141837207
Virginia,80615.0,8582479.0,38.5,43267.0,828664.0,5575007.0,3517796.0,665620.0,2791419.0,465715.0,762490.0,1152.0,51,2021,51,<fiona.model.Geometry object at 0x000001BBBA295270>,51,<fiona.model.Properties object at 0x000001BBBA295180>,16.683808485934932,18.92150653420494,2.2376980482700084,9.655298894410345
Washington,82400.0,7617364.0,37.9,43817.0,746904.0,4943143.0,3055831.0,615027.0,2522556.0,409538.0,544325.0,1305.0,53,2021,53,<fiona.model.Geometry object at 0x000001BBBA2956F0>,53,<fiona.model.Properties object at 0x000001BBBA295600>,16.23504096638489,20.12634206538254,3.8913010989976513,9.805281722128548
West Virginia,50884.0,1801049.0,42.6,28761.0,295632.0,1119839.0,748168.0,193174.0,565736.0,159617.0,81546.0,579.0,54,2021,54,<fiona.model.Geometry object at 0x000001BBBA295D20>,54,<fiona.model.Properties object at 0x000001BBBA295900>,28.214043299348106,25.819602014520804,-2.394441284827302,16.414434032610995
Wisconsin,67080.0,5871661.0,39.6,36754.0,610632.0,3734758.0,2377712.0,349473.0,1893615.0,277230.0,312037.0,780.0,55,2021,55,<fiona.model.Geometry object at 0x000001BBBA2962C0>,55,<fiona.model.Properties object at 0x000001BBBA295A80>,14.640251582291015,14.697869212082876,0.0576176297918618,10.399646709849224
Wyoming,68002.0,576641.0,38.2,36288.0,60482.0,360588.0,222884.0,38663.0,187275.0,24713.0,30947.0,752.0,56,2021,56,,,,13.196101989053531,17.346691552556486,4.150589563502955,10.488674929462178
Puerto Rico,21967.0,3311274.0,43.1,14047.0,1400997.0,2094011.0,1486792.0,560520.0,1005686.0,430646.0,129632.0,392.0,72,2021,72,,,,42.82111911670243,37.69996072080022,-5.1211583959022065,42.30990851255438
Pennsylvania,63627.0,12794885.0,40.9,35518.0,1480430.0,8120945.0,5383417.0,966120.0,4051027.0,733230.0,821652.0,788.0,42,2020,42,<fiona.model.Geometry object at 0x000001BBBA295840>,42,<fiona.model.Properties object at 0x000001BBBA294250>,18.09985467882589,17.946222631462508,-0.15363204736338076,11.570483048499458
California,78672.0,39346023.0,36.7,38576.0,4853434.0,25759467.0,15898608.0,3795015.0,12993911.0,2578086.0,2377177.0,1442.0,06,2020,6,<fiona.model.Geometry object at 0x000001BBB0F2A4D0>,6,<fiona.model.Properties object at 0x000001BBB6BAFDC0>,19.84072385904444,23.87010862837803,4.029384769333589,12.335259398389514
West Virginia,48037.0,1807426.0,42.7,27346.0,300152.0,1125086.0,756586.0,191724.0,565185.0,155164.0,80602.0,543.0,54,2020,54,<fiona.model.Geometry object at 0x000001BBBA295D20>,54,<fiona.model.Properties object at 0x000001BBBA295900>,27.45366561391403,25.340675085185293,-2.112990528728737,16.606599661618237
Utah,74197.0,3151239.0,31.1,30986.0,283360.0,1976159.0,1162524.0,244686.0,1000205.0,122070.0,156361.0,958.0,49,2020,49,<fiona.model.Geometry object at 0x000001BBBA2964A0>,49,<fiona.model.Properties object at 0x000001BBBA294E80>,12.204498077894032,21.047823528804567,8.843325450910536,8.992018694868907
New York,71117.0,19514849.0,39.0,40898.0,2581048.0,12687238.0,8278421.0,1700220.0,6245204.0,1278022.0,1625827.0,1192.0,36,2020,36,<fiona.model.Geometry object at 0x000001BBB6E3DC30>,36,<fiona.model.Properties object at 0x000001BBB6E3D720>,20.46405529747307,20.53797457268723,0.07391927521415909,13.226072105400354
District of Columbia,90842.0,701974.0,34.1,58659.0,103391.0,500269.0,311929.0,50967.0,239041.0,44230.0,106879.0,1517.0,11,2020,11,<fiona.model.Geometry object at 0x000001BBB6BAF580>,11,<fiona.model.Properties object at 0x000001BBB6BAFF10>,18.50310197832171,16.339295160116563,-2.1638068182051455,14.728608182069422
Alaska,77790.0,736990.0,34.6,37094.0,74369.0,485055.0,272139.0,54566.0,257092.0,42697.0,39156.0,1122.0,02,2020,2,<fiona.model.Geometry object at 0x000001BBB6E3E740>,2,<fiona.model.Properties object at 0x000001BBB6E3E830>,16.607673517651268,20.05078287198821,3.4431093543369435,10.09091032442774
Florida,57703.0,21216924.0,42.2,32848.0,2772939.0,13138671.0,9016476.0,1894413.0,6508790.0,1395953.0,1196501.0,1068.0,12,2020,12,<fiona.model.Geometry object at 0x000001BBB6BAD360>,12,<fiona.model.Properties object at 0x000001BBB6BAF790>,21.447196790801364,21.01056998321739,-0.43662680758397343,13.069467562781485
South Carolina,54864.0,5091517.0,39.7,30727.0,726470.0,3211049.0,2143204.0,460151.0,1567928.0,329326.0,278486.0,717.0,45,2020,45,<fiona.model.Geometry object at 0x000001BBBA295540>,45,<fiona.model.Properties object at 0x000001BBBA2946D0>,21.003898138179814,21.470238017472905,0.4663398792930913,14.268242647525286
North Dakota,65315.0,760394.0,35.2,36289.0,77491.0,483443.0,292873.0,38120.0,253682.0,26193.0,30854.0,744.0,38,2020,38,<fiona.model.Geometry object at 0x000001BBB6E3E020>,38,<fiona.model.Properties object at 0x000001BBB6E3CC40>,10.325131463801137,13.015880603538053,2.6907491397369157,10.190901032885582
Maine,59489.0,1340825.0,44.8,33774.0,144384.0,844211.0,577596.0,88022.0,417289.0,69088.0,85892.0,768.0,23,2020,23,<fiona.model.Geometry object at 0x000001BBB6E3CB50>,23,<fiona.model.Properties object at 0x000001BBB6E3C130>,16.556391373844026,15.2393714637913,-1.317019910052725,10.768295638879048
Georgia,61224.0,10516579.0,36.9,32427.0,1461572.0,6837456.0,4313854.0,986334.0,3348066.0,699528.0,619111.0,843.0,13,2020,13,<fiona.model.Geometry object at 0x000001BBB6BAFD90>,13,<fiona.model.Properties object at 0x000001BBB6BAFF70>,20.893494931103508,22.864334305240742,1.9708393741372348,13.89778938569282
Alabama,52035.0,4893186.0,39.2,28934.0,762642.0,3099408.0,2053750.0,518986.0,1512884.0,367114.0,239746.0,600.0,01,2020,1,<fiona.model.Geometry object at 0x000001BBB6E3F4F0>,1,<fiona.model.Properties object at 0x000001BBB6E3ED10>,24.265839284439522,25.270164333536215,1.0043250490966926,15.585796248088668
New Hampshire,77923.0,1355244.0,43.0,41234.0,97418.0,884866.0,573353.0,84144.0,444516.0,58351.0,106537.0,1003.0,33,2020,33,<fiona.model.Geometry object at 0x000001BBB6E3CC70>,33,<fiona.model.Properties object at 0x000001BBB6E3D4E0>,13.126861575286378,14.675775656532712,1.548914081246334,7.188225884047449
Oregon,65667.0,4176346.0,39.5,35393.0,506558.0,2673490.0,1731469.0,330121.0,1340525.0,238455.0,266932.0,1035.0,41,2020,41,<fiona.model.Geometry object at 0x000001BBBA294130>,41,<fiona.model.Properties object at 0x000001BBBA294D00>,17.78818000410287,19.06594920267126,1.2777691985683894,12.12921534757896
Wyoming,65304.0,581348.0,38.0,34415.0,61006.0,365851.0,226394.0,39966.0,188882.0,24589.0,30666.0,734.0,56,2020,56,,,,13.018180663059477,17.653294698622755,4.635114035563278,10.493886622126507
Arizona,61529.0,7174064.0,37.9,32340.0,990528.0,4458752.0,2897313.0,654383.0,2242288.0,461995.0,401110.0,924.0,04,2020,4,<fiona.model.Geometry object at 0x000001BBB6E3EF20>,4,<fiona.model.Properties object at 0x000001BBB6E3E950>,20.60373154563553,22.585858000153937,1.9821264545184079,13.807069465786757
Louisiana,50800.0,4664616.0,37.2,29522.0,845230.0,2968563.0,1907887.0,478348.0,1464354.0,378163.0,195679.0,711.0,22,2020,22,<fiona.model.Geometry object at 0x000001BBB6E3C040>,22,<fiona.model.Properties object at 0x000001BBB6E3C190>,25.824561547276137,25.072134775277572,-0.7524267719985644,18.120033889177588
Indiana,58235.0,6696893.0,37.8,30693.0,838149.0,4255541.0,2719489.0,531351.0,2124191.0,376742.0,325852.0,667.0,18,2020,18,<fiona.model.Geometry object at 0x000001BBB6E3F910>,18,<fiona.model.Properties object at 0x000001BBB6E3F6D0>,17.73578741271383,19.538633912473998,1.802846499760168,12.51549039233567
Idaho,58915.0,1754367.0,36.6,29494.0,205676.0,1082318.0,682544.0,138470.0,546260.0,80412.0,74253.0,757.0,16,2020,16,<fiona.model.Geometry object at 0x000001BBB6E3FF70>,16,<fiona.model.Properties object at 0x000001BBB6E3DC60>,14.720462783290008,20.287336787078928,5.56687400378892,11.7236587327509
Connecticut,79855.0,3570549.0,41.1,45668.0,339156.0,2312373.0,1513619.0,264565.0,1146009.0,196307.0,323696.0,1023.0,09,2020,9,<fiona.model.Geometry object at 0x000001BBB6BAE8F0>,9,<fiona.model.Properties object at 0x000001BBB6BAEFB0>,17.12962114608175,17.478969278266195,0.3493481321844456,9.4987073416441
Hawaii,83173.0,1420074.0,39.4,37013.0,127971.0,887629.0,576086.0,98365.0,454340.0,75656.0,77639.0,1497.0,15,2020,15,<fiona.model.Geometry object at 0x000001BBB6E3C460>,15,<fiona.model.Properties object at 0x000001BBB6BAF370>,16.651846634678876,17.074707595740914,0.42286096106203885,9.01157263635557
Illinois,68428.0,12716164.0,38.3,37306.0,1488670.0,8203178.0,5235050.0,1021608.0,4089760.0,747734.0,884787.0,893.0,17,2020,17,<fiona.model.Geometry object at 0x000001BBB6E3FBE0>,17,<fiona.model.Properties object at 0x000001BBB6E3EC50>,18.28307773561285,19.514770632563202,1.231692896950353,11.706910983532456
Massachusetts,84385.0,6873003.0,39.6,45555.0,653454.0,4541459.0,2953040.0,473553.0,2231932.0,355123.0,675372.0,1182.0,25,2020,25,<fiona.model.Geometry object at 0x000001BBB6E3D7B0>,25,<fiona.model.Properties object at 0x000001BBB6E3CDF0>,15.911013417971516,16.03611871156503,0.1251052935935153,9.507547137692214
Texas,63826.0,28635442.0,34.8,32177.0,3984260.0,18484721.0,11201270.0,2738701.0,9273253.0,1709659.0,1454717.0,915.0,48,2020,48,<fiona.model.Geometry object at 0x000001BBBA295720>,48,<fiona.model.Properties object at 0x000001BBBA294C10>,18.436453744980323,24.449915054275095,6.013461309294772,13.913736690357355
Montana,56539.0,1061705.0,40.1,32463.0,132476.0,661066.0,429098.0,69563.0,335286.0,49774.0,54749.0,731.0,30,2020,30,<fiona.model.Geometry object at 0x000001BBB6E3EF80>,30,<fiona.model.Properties object at 0x000001BBB6E3D060>,14.845236603973921,16.211448200644142,1.3662115966702206,12.47766564158594
Nebraska,63015.0,1923826.0,36.6,33205.0,193820.0,1198782.0,758266.0,106966.0,606912.0,70603.0,99686.0,704.0,31,2020,31,<fiona.model.Geometry object at 0x000001BBB6E3D210>,31,<fiona.model.Properties object at 0x000001BBB6E3D120>,11.633152747020985,14.106659140723703,2.473506393702719,10.074715696741805
Ohio,58116.0,11675275.0,39.5,32465.0,1546011.0,7394972.0,4834764.0,895707.0,3677063.0,669717.0,646178.0,658.0,39,2020,39,<fiona.model.Geometry object at 0x000001BBB6E3E230>,39,<fiona.model.Properties object at 0x000001BBB6E3E140>,18.21336757080311,18.52638515551121,0.31301758470809915,13.241752335598092
Colorado,75231.0,5684926.0,36.9,39545.0,544232.0,3759690.0,2277125.0,409104.0,1921035.0,275956.0,445484.0,1217.0,08,2020,8,<fiona.model.Geometry object at 0x000001BBB6DB21A0>,8,<fiona.model.Properties object at 0x000001BBB6DB2BF0>,14.364964719539207,17.96581215348301,3.6008474339438035,9.573246863723467
New Jersey,85245.0,8885418.0,40.0,44153.0,842704.0,5718246.0,3699931.0,717909.0,2839117.0,492337.0,713029.0,1222.0,34,2020,34,<fiona.model.Geometry object at 0x000001BBB6E3DAE0>,34,<fiona.model.Properties object at 0x000001BBB6E3D660>,17.341201507370073,19.40330779141557,2.0621062840454982,9.484123313050663
Maryland,87063.0,6037624.0,38.8,43352.0,531553.0,3915201.0,2527082.0,440433.0,1916389.0,322816.0,553634.0,1264.0,24,2020,24,<fiona.model.Geometry object at 0x000001BBB6E3C340>,24,<fiona.model.Properties object at 0x000001BBB6E3D090>,16.845014242932933,17.42852032502309,0.5835060820901568,8.804009656778891
Virginia,76398.0,8509358.0,38.4,41255.0,826708.0,5535109.0,3510500.0,665521.0,2756554.0,453331.0,738068.0,1088.0,51,2020,51,<fiona.model.Geometry object at 0x000001BBBA295270>,51,<fiona.model.Properties object at 0x000001BBBA295180>,16.445569359424848,18.95801167924797,2.5124423198231227,9.715280518224759
Vermont,63477.0,624340.0,42.8,35854.0,64700.0,402193.0,267374.0,35713.0,200281.0,31186.0,50946.0,877.0,50,2020,50,<fiona.model.Geometry object at 0x000001BBBA294DC0>,50,<fiona.model.Properties object at 0x000001BBBA295000>,15.571122572785237,13.356945701526701,-2.2141768712585357,10.362943268091104
North Carolina,56642.0,10386227.0,38.9,31993.0,1411939.0,6663901.0,4337607.0,936858.0,3275532.0,652353.0,596144.0,749.0,37,2020,37,<fiona.model.Geometry object at 0x000001BBB6E3CC10>,37,<fiona.model.Properties object at 0x000001BBB6E3DEA0>,19.915940372434157,21.598498895819745,1.6825585233855875,13.594339888777705
Arkansas,49475.0,3011873.0,38.3,27724.0,470190.0,1878052.0,1228801.0,290282.0,932813.0,228971.0,127192.0,579.0,05,2020,5,<fiona.model.Geometry object at 0x000001BBB6E3D870>,5,<fiona.model.Properties object at 0x000001BBB6E3F310>,24.54629170048016,23.623190410815095,-0.9231012896650661,15.61121601076805
Washington,77006.0,7512465.0,37.8,40837.0,751044.0,4878208.0,3034150.0,606899.0,2475290.0,390853.0,521634.0,1202.0,53,2020,53,<fiona.model.Geometry object at 0x000001BBBA2956F0>,53,<fiona.model.Properties object at 0x000001BBBA295600>,15.790190240335475,20.00227411301353,4.212083872678056,9.997304479954316
Kansas,61091.0,2912619.0,36.9,32798.0,323644.0,1825004.0,1155131.0,195846.0,923965.0,131988.0,176258.0,665.0,20,2020,20,<fiona.model.Geometry object at 0x000001BBB6E3FD60>,20,<fiona.model.Properties object at 0x000001BBB6E3FB80>,14.28495668125957,16.954440665171308,2.6694839839117375,11.111786333880264
Oklahoma,53840.0,3949342.0,36.7,29873.0,585520.0,2478163.0,1575894.0,360313.0,1245441.0,260889.0,168318.0,639.0,40,2020,40,<fiona.model.Geometry object at 0x000001BBB6E3C7C0>,40,<fiona.model.Properties object at 0x000001BBB6E3DF00>,20.947519794193383,22.864037809649634,1.9165180154562513,14.825760848262824
Wisconsin,63293.0,5806975.0,39.6,34450.0,620947.0,3699734.0,2368383.0,344434.0,1866014.0,268847.0,301337.0,741.0,55,2020,55,<fiona.model.Geometry object at 0x000001BBBA2962C0>,55,<fiona.model.Properties object at 0x000001BBBA295A80>,14.407555355961959,14.543002546463136,0.1354471905011767,10.693123355964163
Mississippi,46511.0,2981835.0,37.7,25444.0,564439.0,1882756.0,1232063.0,318286.0,918445.0,257501.0,126383.0,595.0,28,2020,28,<fiona.model.Geometry object at 0x000001BBB5E2BAF0>,28,<fiona.model.Properties object at 0x000001BBB6DB3910>,28.036627125195302,25.833581561981813,-2.2030455632134895,18.92924994173051
Missouri,57290.0,6124160.0,38.7,31839.0,772992.0,3870194.0,2524310.0,470967.0,1923100.0,362067.0,350975.0,651.0,29,2020,29,<fiona.model.Geometry object at 0x000001BBB6E3CD00>,29,<fiona.model.Properties object at 0x000001BBB5E2B760>,18.827258072903124,18.657256834540924,-0.17000123836220027,12.622008569338488
Michigan,59234.0,9973907.0,39.8,32854.0,1337256.0,6357778.0,4133905.0,830758.0,3170944.0,625000.0,592305.0,737.0,26,2020,26,<fiona.model.Geometry object at 0x000001BBB6E3CE80>,26,<fiona.model.Properties object at 0x000001BBB6E3C3D0>,19.710218786582168,20.096204436241276,0.38598564965910853,13.407544305355966
Rhode Island,70305.0,1057798.0,40.0,37504.0,117785.0,695635.0,455492.0,78172.0,343669.0,62519.0,73251.0,885.0,44,2020,44,<fiona.model.Geometry object at 0x000001BBBA294850>,44,<fiona.model.Properties object at 0x000001BBBA294550>,18.19163206457376,17.16210163954581,-1.02953042502795,11.134923681080886
Minnesota,73382.0,5600166.0,38.1,38881.0,511185.0,3556980.0,2245818.0,293359.0,1795839.0,219056.0,339217.0,916.0,27,2020,27,<fiona.model.Geometry object at 0x000001BBB6DB3520>,27,<fiona.model.Properties object at 0x000001BBB6DB2FE0>,12.1979754309824,13.062456530315458,0.8644810993330587,9.12803299045064
Iowa,61836.0,3150011.0,38.3,33021.0,339090.0,1967139.0,1268807.0,182310.0,995360.0,132268.0,140427.0,651.0,19,2020,19,<fiona.model.Geometry object at 0x000001BBB6E3FA00>,19,<fiona.model.Properties object at 0x000001BBB6E3F8B0>,13.288458447194985,14.368615557764105,1.08015711056912,10.764724313661127
New Mexico,51243.0,2097021.0,38.1,27945.0,381026.0,1307129.0,850766.0,207295.0,654837.0,164919.0,123668.0,732.0,35,2020,35,<fiona.model.Geometry object at 0x000001BBB6E3D9F0>,35,<fiona.model.Properties object at 0x000001BBB6E3C070>,25.184740630111005,24.365689272961074,-0.8190513571499309,18.16987049724347
Nevada,62043.0,3030281.0,38.2,32629.0,381695.0,1941532.0,1210432.0,270495.0,983418.0,185993.0,128724.0,1005.0,32,2020,32,<fiona.model.Geometry object at 0x000001BBB6E3D3F0>,32,<fiona.model.Properties object at 0x000001BBB6E3D300>,18.91291393893543,22.34698025167874,3.4340663127433118,12.596026573113187
Delaware,69110.0,967679.0,41.0,36574.0,107641.0,605078.0,410713.0,75970.0,295188.0,56486.0,67357.0,979.0,10,2020,10,<fiona.model.Geometry object at 0x000001BBB6BAEF80>,10,<fiona.model.Properties object at 0x000001BBB6BAFA30>,19.13560171822703,18.497101382230415,-0.6385003359966142,11.123626739858983
Puerto Rico,21058.0,3255642.0,42.4,13318.0,1400958.0,2061633.0,1450451.0,566197.0,988453.0,426425.0,122652.0,383.0,72,2020,72,,,,43.14064502813993,39.035927446015066,-4.104717582124863,43.03169697405304
Kentucky,52238.0,4461952.0,39.0,29123.0,717895.0,2837584.0,1828971.0,416511.0,1415535.0,326717.0,223586.0,610.0,21,2020,21,<fiona.model.Geometry object at 0x000001BBB6E3FF40>,21,<fiona.model.Properties object at 0x000001BBB6E3FE50>,23.08081396786374,22.77296906293211,-0.3078449049316312,16.089258692159845
South Dakota,59896.0,879336.0,37.2,31415.0,108863.0,540054.0,342123.0,48429.0,276629.0,34987.0,37222.0,649.0,46,2020,46,<fiona.model.Geometry object at 0x000001BBBA2953C0>,46,<fiona.model.Properties object at 0x000001BBBA294910>,12.647625520100929,14.155435325891565,1.507809805790636,12.380136830517573
Tennessee,54833.0,6772268.0,38.8,30869.0,965213.0,4329678.0,2815096.0,620028.0,2132847.0,445166.0,339015.0,708.0,47,2020,47,<fiona.model.Geometry object at 0x000001BBBA294C70>,47,<fiona.model.Properties object at 0x000001BBBA294A90>,20.87191439423456,22.025110333715084,1.153195939480522,14.252433601269177
Alabama,50536.0,4876250.0,39.0,27928.0,795989.0,3102263.0,2041967.0,534089.0,1514981.0,377721.0,230528.0,581.0,01,2019,1,<fiona.model.Geometry object at 0x000001BBB6E3F4F0>,1,<fiona.model.Properties object at 0x000001BBB6E3ED10>,24.932391891383457,26.155613680338615,1.2232217889551578,16.323793899000258
Alaska,77640.0,737068.0,34.3,36787.0,76933.0,489098.0,271742.0,54548.0,258964.0,40685.0,37958.0,1126.0,02,2019,2,<fiona.model.Geometry object at 0x000001BBB6E3E740>,2,<fiona.model.Properties object at 0x000001BBB6E3E830>,15.710677932067778,20.073452024346622,4.362774092278844,10.437707240037554
Arizona,58945.0,7050299.0,37.7,30694.0,1043764.0,4394173.0,2835661.0,663351.0,2209318.0,470288.0,378467.0,881.0,04,2019,4,<fiona.model.Geometry object at 0x000001BBB6E3EF20>,4,<fiona.model.Properties object at 0x000001BBB6E3E950>,21.286568977394833,23.39317005805701,2.106601080662177,14.804535240278462
Arkansas,47597.0,2999370.0,38.1,26577.0,496260.0,1875969.0,1221935.0,297297.0,931185.0,227220.0,119000.0,557.0,05,2019,5,<fiona.model.Geometry object at 0x000001BBB6E3D870>,5,<fiona.model.Properties object at 0x000001BBB6E3F310>,24.401166255899742,24.33001755412522,-0.07114870177452204,16.545474549655427
California,75235.0,39283497.0,36.5,36955.0,5149742.0,25798628.0,15844680.0,3924880.0,13002117.0,2635511.0,2294771.0,1377.0,06,2019,6,<fiona.model.Geometry object at 0x000001BBB0F2A4D0>,6,<fiona.model.Properties object at 0x000001BBB6BAFDC0>,20.269860669612495,24.770964134334047,4.501103464721552,13.109174063602332
Colorado,72331.0,5610349.0,36.7,38226.0,565873.0,3715602.0,2239448.0,411266.0,1896131.0,270524.0,428252.0,1158.0,08,2019,8,<fiona.model.Geometry object at 0x000001BBB6DB21A0>,8,<fiona.model.Properties object at 0x000001BBB6DB2BF0>,14.26715770165669,18.364614851516983,4.097457149860293,10.086235276985443
Delaware,68287.0,957248.0,40.6,35450.0,109400.0,602852.0,405109.0,77175.0,294241.0,57084.0,64883.0,956.0,10,2019,10,<fiona.model.Geometry object at 0x000001BBB6BAEF80>,10,<fiona.model.Properties object at 0x000001BBB6BAFA30>,19.40042346239987,19.050428403219875,-0.34999505917999585,11.42859530654543
District of Columbia,86420.0,692683.0,34.0,56147.0,107140.0,495457.0,308135.0,53176.0,236730.0,44204.0,104526.0,1444.0,11,2019,11,<fiona.model.Geometry object at 0x000001BBB6BAF580>,11,<fiona.model.Properties object at 0x000001BBB6BAFF10>,18.672749545896167,17.257370957534846,-1.415378588361321,15.46739273231767
Connecticut,78444.0,3575074.0,41.0,44496.0,344146.0,2323915.0,1513315.0,270386.0,1150620.0,200546.0,315473.0,995.0,09,2019,9,<fiona.model.Geometry object at 0x000001BBB6BAE8F0>,9,<fiona.model.Properties object at 0x000001BBB6BAEFB0>,17.429385896299387,17.867132751608224,0.4377468553088377,9.626262281563962
Florida,55660.0,20901636.0,42.0,31619.0,2870487.0,12996571.0,8869538.0,1923872.0,6435840.0,1430677.0,1138820.0,1008.0,12,2019,12,<fiona.model.Geometry object at 0x000001BBB6BAD360>,12,<fiona.model.Properties object at 0x000001BBB6BAF790>,22.22984101531424,21.690780286414014,-0.5390607289002247,13.733312550271185
Georgia,58700.0,10403847.0,36.7,31067.0,1528558.0,6780778.0,4254440.0,1006718.0,3321252.0,710014.0,590536.0,804.0,13,2019,13,<fiona.model.Geometry object at 0x000001BBB6BAFD90>,13,<fiona.model.Properties object at 0x000001BBB6BAFF70>,21.377902068256187,23.66276172657271,2.284859658316524,14.69223836144457
Idaho,55785.0,1717750.0,36.4,27970.0,221256.0,1062243.0,666355.0,140047.0,535634.0,83408.0,69784.0,724.0,16,2019,16,<fiona.model.Geometry object at 0x000001BBB6E3FF70>,16,<fiona.model.Properties object at 0x000001BBB6E3DC60>,15.571827031144402,21.016875389244472,5.44504835810007,12.880570513753456
Hawaii,81275.0,1422094.0,39.1,35567.0,130649.0,895541.0,576066.0,103845.0,458273.0,77795.0,74614.0,1460.0,15,2019,15,<fiona.model.Geometry object at 0x000001BBB6E3C460>,15,<fiona.model.Properties object at 0x000001BBB6BAF370>,16.975689163446244,18.02658028767537,1.0508911242291248,9.187086085729916
Illinois,65886.0,12770631.0,38.1,36038.0,1557873.0,8272964.0,5247914.0,1063843.0,4122496.0,770341.0,862440.0,871.0,17,2019,17,<fiona.model.Geometry object at 0x000001BBB6E3FBE0>,17,<fiona.model.Properties object at 0x000001BBB6E3EC50>,18.68627646940106,20.27173082485727,1.585454355456207,12.198872553752434
Indiana,56303.0,6665703.0,37.7,29777.0,867996.0,4250314.0,2701843.0,543057.0,2122378.0,383983.0,311229.0,649.0,18,2019,18,<fiona.model.Geometry object at 0x000001BBB6E3F910>,18,<fiona.model.Properties object at 0x000001BBB6E3F6D0>,18.092111772737937,20.099502450734555,2.007390677996618,13.021822304414103
Iowa,60523.0,3139508.0,38.2,32176.0,348122.0,1967271.0,1263902.0,183714.0,994866.0,131487.0,135213.0,639.0,19,2019,19,<fiona.model.Geometry object at 0x000001BBB6E3FA00>,19,<fiona.model.Properties object at 0x000001BBB6E3F8B0>,13.216553787143193,14.535462401357067,1.3189086142138748,11.088425320145705
Kansas,59597.0,2910652.0,36.7,31814.0,337739.0,1829519.0,1151352.0,201065.0,926698.0,133746.0,173172.0,650.0,20,2019,20,<fiona.model.Geometry object at 0x000001BBB6E3FD60>,20,<fiona.model.Properties object at 0x000001BBB6E3FB80>,14.432533576202818,17.46338218025417,3.0308486040513536,11.603551369246478
Kentucky,50589.0,4449052.0,38.9,28178.0,747010.0,2843731.0,1822167.0,427193.0,1418458.0,332513.0,216508.0,590.0,21,2019,21,<fiona.model.Geometry object at 0x000001BBB6E3FF40>,21,<fiona.model.Properties object at 0x000001BBB6E3FE50>,23.44186433436873,23.444228767176664,0.0023644328079335253,16.790318476835065
Louisiana,49469.0,4664362.0,36.9,27923.0,871467.0,2984680.0,1903756.0,485071.0,1473186.0,385251.0,180464.0,697.0,22,2019,22,<fiona.model.Geometry object at 0x000001BBB6E3C040>,22,<fiona.model.Properties object at 0x000001BBB6E3C190>,26.15087300585262,25.479683320761694,-0.6711896850909262,18.683519846872947
Maine,57918.0,1335492.0,44.7,32637.0,153131.0,846481.0,574145.0,92651.0,418445.0,70151.0,82129.0,750.0,23,2019,23,<fiona.model.Geometry object at 0x000001BBB6E3CB50>,23,<fiona.model.Properties object at 0x000001BBB6E3C130>,16.764688310291675,16.137212725008492,-0.6274755852831824,11.466261123241472
Maryland,84805.0,6018848.0,38.7,42122.0,539991.0,3924526.0,2517086.0,454117.0,1919989.0,327351.0,535947.0,1237.0,24,2019,24,<fiona.model.Geometry object at 0x000001BBB6E3C340>,24,<fiona.model.Properties object at 0x000001BBB6E3D090>,17.049628930165746,18.041378006154737,0.9917490759889915,8.971667003386695
Massachusetts,81215.0,6850553.0,39.5,43761.0,680962.0,4541016.0,2937169.0,484886.0,2232172.0,360881.0,656508.0,1133.0,25,2019,25,<fiona.model.Geometry object at 0x000001BBB6E3D7B0>,25,<fiona.model.Properties object at 0x000001BBB6E3CDF0>,16.167257720283203,16.508617651895413,0.34135993161221023,9.940248619345036
Michigan,57144.0,9965265.0,39.7,31713.0,1398527.0,6383426.0,4125189.0,859824.0,3181273.0,644983.0,575818.0,715.0,26,2019,26,<fiona.model.Geometry object at 0x000001BBB6E3CE80>,26,<fiona.model.Properties object at 0x000001BBB6E3C3D0>,20.274368153880538,20.843263181396054,0.5688950275155165,14.034017158600399
Minnesota,71306.0,5563378.0,38.0,37625.0,526065.0,3551878.0,2229301.0,297603.0,1792792.0,216969.0,327716.0,886.0,27,2019,27,<fiona.model.Geometry object at 0x000001BBB6DB3520>,27,<fiona.model.Properties object at 0x000001BBB6DB2FE0>,12.10229630654309,13.349610483286016,1.2473141767429254,9.455855776831989
Mississippi,45081.0,2984418.0,37.5,24369.0,585786.0,1893079.0,1228062.0,331867.0,925781.0,263153.0,118193.0,583.0,28,2019,28,<fiona.model.Geometry object at 0x000001BBB5E2BAF0>,28,<fiona.model.Properties object at 0x000001BBB6DB3910>,28.424973076785978,27.02363561448852,-1.4013374622974588,19.628148603848388
Missouri,55461.0,6104910.0,38.6,30810.0,810045.0,3875008.0,2512377.0,481999.0,1925953.0,369544.0,340251.0,637.0,29,2019,29,<fiona.model.Geometry object at 0x000001BBB6E3CD00>,29,<fiona.model.Properties object at 0x000001BBB5E2B760>,19.187591805199816,19.184979005937404,-0.002612799262411869,13.268745976599163
Montana,54970.0,1050649.0,39.9,31151.0,134605.0,656569.0,423322.0,70997.0,332780.0,50040.0,52801.0,710.0,30,2019,30,<fiona.model.Geometry object at 0x000001BBB6E3EF80>,30,<fiona.model.Properties object at 0x000001BBB6E3D060>,15.036961355850712,16.771393879836154,1.7344325239854417,12.811605017470153
Nebraska,61439.0,1914571.0,36.5,32302.0,206579.0,1197717.0,754078.0,107310.0,606062.0,68624.0,96921.0,678.0,31,2019,31,<fiona.model.Geometry object at 0x000001BBB6E3D210>,31,<fiona.model.Properties object at 0x000001BBB6E3D120>,11.322933957251898,14.23062335726543,2.907689400013531,10.789832291411496
Nevada,60365.0,2972382.0,38.0,31557.0,384690.0,1909217.0,1183646.0,269246.0,966668.0,186214.0,122034.0,948.0,32,2019,32,<fiona.model.Geometry object at 0x000001BBB6E3D3F0>,32,<fiona.model.Properties object at 0x000001BBB6E3D300>,19.26349067104735,22.74717271887034,3.483682047822988,12.942145390464617
New Hampshire,76768.0,1348124.0,42.9,40003.0,98682.0,885864.0,569696.0,85985.0,444290.0,59106.0,104407.0,972.0,33,2019,33,<fiona.model.Geometry object at 0x000001BBB6E3CC70>,33,<fiona.model.Properties object at 0x000001BBB6E3D4E0>,13.303472956852506,15.093137392574285,1.7896644357217788,7.319949796902955
New Jersey,82545.0,8878503.0,39.9,42745.0,869081.0,5738024.0,3696076.0,752149.0,2846470.0,507459.0,690446.0,1192.0,34,2019,34,<fiona.model.Geometry object at 0x000001BBB6E3DAE0>,34,<fiona.model.Properties object at 0x000001BBB6E3D660>,17.827660224769627,20.349933280592715,2.5222730558230886,9.788598370693798
New Mexico,49754.0,2092454.0,37.8,27230.0,392065.0,1308959.0,845336.0,211664.0,655383.0,165140.0,117424.0,715.0,35,2019,35,<fiona.model.Geometry object at 0x000001BBB6E3D9F0>,35,<fiona.model.Properties object at 0x000001BBB6E3C070>,25.197479946840243,25.03903773174217,-0.15844221509807355,18.737090516685193
New York,68486.0,19572319.0,38.8,39326.0,2681277.0,12789938.0,8294457.0,1765286.0,6293523.0,1310298.0,1575714.0,1161.0,36,2019,36,<fiona.model.Geometry object at 0x000001BBB6E3DC30>,36,<fiona.model.Properties object at 0x000001BBB6E3D720>,20.81978567489147,21.282719290726323,0.46293361583485293,13.699332204834798
North Carolina,54602.0,10264876.0,38.7,30783.0,1467591.0,6605435.0,4274490.0,949406.0,3247775.0,654072.0,569334.0,720.0,37,2019,37,<fiona.model.Geometry object at 0x000001BBB6E3CC10>,37,<fiona.model.Properties object at 0x000001BBB6E3DEA0>,20.139079831577003,22.21097721599536,2.0718973844183566,14.29721118891256
North Dakota,64894.0,756717.0,35.1,36062.0,78198.0,485388.0,291802.0,39152.0,255000.0,26936.0,28430.0,742.0,38,2019,38,<fiona.model.Geometry object at 0x000001BBB6E3E020>,38,<fiona.model.Properties object at 0x000001BBB6E3CC40>,10.56313725490196,13.41731722195187,2.8541799670499106,10.333850039050265
Ohio,56602.0,11655397.0,39.4,31552.0,1588343.0,7415290.0,4820017.0,919445.0,3686968.0,684621.0,628895.0,641.0,39,2019,39,<fiona.model.Geometry object at 0x000001BBB6E3E230>,39,<fiona.model.Properties object at 0x000001BBB6E3E140>,18.568672144699928,19.075555127710132,0.506882983010204,13.627532378347988
Oklahoma,52919.0,3932870.0,36.6,28422.0,598373.0,2476783.0,1567371.0,365680.0,1244111.0,259325.0,161168.0,628.0,40,2019,40,<fiona.model.Geometry object at 0x000001BBB6E3C7C0>,40,<fiona.model.Properties object at 0x000001BBB6E3DF00>,20.844201200696723,23.330787669288252,2.486586468591529,15.214665117331618
Oregon,62818.0,4129803.0,39.3,33763.0,533527.0,2651633.0,1708267.0,338083.0,1328253.0,241822.0,259292.0,965.0,41,2019,41,<fiona.model.Geometry object at 0x000001BBBA294130>,41,<fiona.model.Properties object at 0x000001BBBA294D00>,18.20601948574556,19.790992860015443,1.5849733742698824,12.918945528394454
Pennsylvania,61744.0,12791530.0,40.8,34352.0,1539183.0,8161243.0,5379172.0,1009068.0,4068968.0,754338.0,794850.0,766.0,42,2019,42,<fiona.model.Geometry object at 0x000001BBBA295840>,42,<fiona.model.Properties object at 0x000001BBBA294250>,18.538803942424714,18.758797822415794,0.21999387999107967,12.032829536419802
Rhode Island,67167.0,1057231.0,39.9,36121.0,125826.0,698130.0,454845.0,82154.0,344554.0,64227.0,72817.0,865.0,44,2019,44,<fiona.model.Geometry object at 0x000001BBBA294850>,44,<fiona.model.Properties object at 0x000001BBBA294550>,18.640619467485504,18.0619771570535,-0.5786423104320022,11.901467134429467
South Carolina,53199.0,5020806.0,39.4,29426.0,741650.0,3180840.0,2107061.0,463821.0,1553480.0,333916.0,263830.0,688.0,45,2019,45,<fiona.model.Geometry object at 0x000001BBBA295540>,45,<fiona.model.Properties object at 0x000001BBBA2946D0>,21.494708654118494,22.012699205196242,0.517990551077748,14.771532698136514
South Dakota,58275.0,870638.0,37.0,30773.0,110553.0,537509.0,338293.0,48398.0,275664.0,34583.0,35812.0,632.0,46,2019,46,<fiona.model.Geometry object at 0x000001BBBA2953C0>,46,<fiona.model.Properties object at 0x000001BBBA294910>,12.545345057751465,14.306533094092991,1.761188036341526,12.697929564296528
Tennessee,53320.0,6709356.0,38.7,29859.0,996930.0,4302029.0,2784117.0,633070.0,2118413.0,447969.0,327379.0,676.0,47,2019,47,<fiona.model.Geometry object at 0x000001BBBA294C70>,47,<fiona.model.Properties object at 0x000001BBBA294A90>,21.146443115671968,22.738627722901015,1.592184607229047,14.858803139973494
Texas,61874.0,28260856.0,34.6,31277.0,4072194.0,18273711.0,11030548.0,2780495.0,9162571.0,1706094.0,1380140.0,875.0,48,2019,48,<fiona.model.Geometry object at 0x000001BBBA295720>,48,<fiona.model.Properties object at 0x000001BBBA294C10>,18.620254074975243,25.20722451867305,6.586970443697808,14.409308762622052
Vermont,61973.0,624313.0,42.9,34577.0,65652.0,404942.0,267028.0,36650.0,201443.0,32036.0,48734.0,865.0,50,2019,50,<fiona.model.Geometry object at 0x000001BBBA294DC0>,50,<fiona.model.Properties object at 0x000001BBBA295000>,15.903257993576347,13.72515241847297,-2.178105575103377,10.51587905425644
Utah,71621.0,3096848.0,30.8,29775.0,298537.0,1939125.0,1137276.0,248237.0,980816.0,121919.0,150432.0,906.0,49,2019,49,<fiona.model.Geometry object at 0x000001BBBA2964A0>,49,<fiona.model.Properties object at 0x000001BBBA294E80>,12.430364104990131,21.827331272268122,9.39696716727799,9.64002753767702
Virginia,74222.0,8454463.0,38.2,39278.0,865691.0,5527114.0,3485740.0,677497.0,2750375.0,463775.0,711810.0,1057.0,51,2019,51,<fiona.model.Geometry object at 0x000001BBBA295270>,51,<fiona.model.Properties object at 0x000001BBBA295180>,16.862246057355815,19.43624596211995,2.573999904764136,10.239455776197731
Washington,73775.0,7404107.0,37.7,38915.0,785244.0,4823608.0,2986829.0,620883.0,2444786.0,401563.0,497712.0,1126.0,53,2019,53,<fiona.model.Geometry object at 0x000001BBBA2956F0>,53,<fiona.model.Properties object at 0x000001BBBA295600>,16.425282212839896,20.787363454687227,4.362081241847331,10.605519342170501
West Virginia,46711.0,1817305.0,42.5,26480.0,310044.0,1139202.0,759401.0,200542.0,572309.0,161633.0,77953.0,536.0,54,2019,54,<fiona.model.Geometry object at 0x000001BBBA295D20>,54,<fiona.model.Properties object at 0x000001BBBA295900>,28.242260736769822,26.407918872901142,-1.83434186386868,17.06064749725555
Wisconsin,61747.0,5790716.0,39.5,33375.0,639160.0,3706011.0,2358848.0,351286.0,1867922.0,269859.0,294273.0,724.0,55,2019,55,<fiona.model.Geometry object at 0x000001BBBA2962C0>,55,<fiona.model.Properties object at 0x000001BBBA295A80>,14.447016524244589,14.892269446780801,0.44525292253621274,11.037667880794016
Wyoming,64049.0,581024.0,37.7,33366.0,62257.0,367820.0,225628.0,39582.0,189922.0,25053.0,28366.0,731.0,56,2019,56,,,,13.191204810395847,17.54303543886397,4.351830628468123,10.715047915404528
Puerto Rico,20539.0,3318447.0,41.7,12914.0,1449091.0,2105289.0,1465816.0,591349.0,1008920.0,448408.0,119364.0,375.0,72,2019,72,,,,44.44435634143441,40.34264873626704,-4.10170760516737,43.667745785905275
Mississippi,43567.0,2988762.0,37.2,23434.0,599795.0,1900813.0,1225885.0,338533.0,929827.0,266164.0,116055.0,566.0,28,2018,28,<fiona.model.Geometry object at 0x000001BBB5E2BAF0>,28,<fiona.model.Properties object at 0x000001BBB6DB3910>,28.62510983225912,27.61539622395249,-1.0097136083066296,20.06834267833973
Missouri,53560.0,6090062.0,38.5,29537.0,837930.0,3882373.0,2503110.0,494177.0,1929539.0,377464.0,329182.0,620.0,29,2018,29,<fiona.model.Geometry object at 0x000001BBB6E3CD00>,29,<fiona.model.Properties object at 0x000001BBB5E2B760>,19.56239288244498,19.742520304740903,0.18012742229592504,13.758973225559936
Montana,52559.0,1041732.0,39.8,29765.0,139063.0,654985.0,418938.0,72145.0,332035.0,50641.0,52011.0,676.0,30,2018,30,<fiona.model.Geometry object at 0x000001BBB6E3EF80>,30,<fiona.model.Properties object at 0x000001BBB6E3D060>,15.251705392503803,17.220925292047987,1.9692198995441839,13.349210737502544
Nebraska,59116.0,1904760.0,36.4,31101.0,213790.0,1197081.0,749907.0,108211.0,605630.0,69137.0,92723.0,648.0,31,2018,31,<fiona.model.Geometry object at 0x000001BBB6E3D210>,31,<fiona.model.Properties object at 0x000001BBB6E3D120>,11.41571586612288,14.429922643741158,3.014206777618277,11.223986223986223
Nevada,57598.0,2922849.0,37.9,29961.0,393431.0,1884775.0,1161453.0,269795.0,953936.0,188126.0,116743.0,902.0,32,2018,32,<fiona.model.Geometry object at 0x000001BBB6E3D3F0>,32,<fiona.model.Properties object at 0x000001BBB6E3D300>,19.721029503027456,23.229093213414576,3.5080637103871197,13.460531146152265
New Hampshire,74057.0,1343622.0,42.7,38548.0,102352.0,886833.0,566514.0,87908.0,444401.0,60183.0,101226.0,951.0,33,2018,33,<fiona.model.Geometry object at 0x000001BBB6E3CC70>,33,<fiona.model.Properties object at 0x000001BBB6E3D4E0>,13.542498779255672,15.517357029129025,1.9748582498733533,7.6176186457203
New Jersey,79363.0,8881845.0,39.8,40895.0,904132.0,5765312.0,3693603.0,772344.0,2859245.0,522153.0,671274.0,1157.0,34,2018,34,<fiona.model.Geometry object at 0x000001BBB6E3DAE0>,34,<fiona.model.Properties object at 0x000001BBB6E3D660>,18.26191879324787,20.910314400329433,2.6483956070815644,10.179551658467357
New Mexico,48059.0,2092434.0,37.5,26085.0,410389.0,1314254.0,842312.0,216139.0,657733.0,168312.0,116002.0,694.0,35,2018,35,<fiona.model.Geometry object at 0x000001BBB6E3D9F0>,35,<fiona.model.Properties object at 0x000001BBB6E3C070>,25.589714975529585,25.660206669262696,0.0704916937331106,19.612996156629073
New York,65323.0,19618453.0,38.7,37470.0,2797985.0,12883308.0,8305920.0,1823574.0,6336207.0,1345981.0,1541679.0,1123.0,36,2018,36,<fiona.model.Geometry object at 0x000001BBB6E3DC30>,36,<fiona.model.Properties object at 0x000001BBB6E3D720>,21.242692986513855,21.955111534905225,0.7124185483913692,14.262006285612836
North Carolina,52413.0,10155624.0,38.6,29456.0,1523949.0,6553901.0,4217502.0,957475.0,3222293.0,664660.0,543580.0,687.0,37,2018,37,<fiona.model.Geometry object at 0x000001BBB6E3CC10>,37,<fiona.model.Properties object at 0x000001BBB6E3DEA0>,20.626926229241104,22.70241958391484,2.0754933546737355,15.005961228970273
North Dakota,63473.0,752201.0,35.1,35373.0,79270.0,485832.0,289755.0,39211.0,256122.0,26498.0,26902.0,722.0,38,2018,38,<fiona.model.Geometry object at 0x000001BBB6E3E020>,38,<fiona.model.Properties object at 0x000001BBB6E3CC40>,10.345850805475516,13.53246708426084,3.1866162787853245,10.538406622697922
Ohio,54533.0,11641879.0,39.3,30304.0,1645986.0,7439929.0,4809095.0,944509.0,3698462.0,699033.0,613112.0,625.0,39,2018,39,<fiona.model.Geometry object at 0x000001BBB6E3E230>,39,<fiona.model.Properties object at 0x000001BBB6E3E140>,18.900640320219594,19.64005701696473,0.7394166967451348,14.13849087419651
Oklahoma,51424.0,3918137.0,36.4,27432.0,607810.0,2474166.0,1559450.0,369349.0,1241839.0,258145.0,157907.0,613.0,40,2018,40,<fiona.model.Geometry object at 0x000001BBB6E3C7C0>,40,<fiona.model.Properties object at 0x000001BBB6E3DF00>,20.787316230203754,23.684568277277243,2.89725204707349,15.51272964676835
Oregon,59393.0,4081943.0,39.2,32045.0,565247.0,2630828.0,1684249.0,344739.0,1317356.0,247045.0,247490.0,912.0,41,2018,41,<fiona.model.Geometry object at 0x000001BBBA294130>,41,<fiona.model.Properties object at 0x000001BBBA294D00>,18.75309331722025,20.468410549746505,1.7153172325262531,13.847498605443535
Pennsylvania,59445.0,12791181.0,40.7,32889.0,1578949.0,8202645.0,5375708.0,1035814.0,4088720.0,784122.0,774543.0,739.0,42,2018,42,<fiona.model.Geometry object at 0x000001BBBA295840>,42,<fiona.model.Properties object at 0x000001BBBA294250>,19.177688861061654,19.268420085317135,0.09073122425548164,12.344043915882358
Rhode Island,63296.0,1056611.0,39.9,34619.0,133055.0,699159.0,453661.0,84626.0,345062.0,65191.0,69830.0,837.0,44,2018,44,<fiona.model.Geometry object at 0x000001BBBA294850>,44,<fiona.model.Properties object at 0x000001BBBA294550>,18.892546846653644,18.65401698625185,-0.23852986040179402,12.592619232622035
South Carolina,51015.0,4955925.0,39.2,27986.0,770632.0,3156100.0,2073802.0,469662.0,1543500.0,341504.0,250813.0,660.0,45,2018,45,<fiona.model.Geometry object at 0x000001BBBA295540>,45,<fiona.model.Properties object at 0x000001BBBA2946D0>,22.12529964366699,22.647388709240325,0.5220890655733328,15.549710699818904
South Dakota,56499.0,864289.0,36.8,29801.0,113144.0,536830.0,335730.0,48237.0,275202.0,33764.0,34166.0,608.0,46,2018,46,<fiona.model.Geometry object at 0x000001BBBA2953C0>,46,<fiona.model.Properties object at 0x000001BBBA294910>,12.268806186001555,14.367795549995533,2.0989893639939776,13.090991554908138
Tennessee,50972.0,6651089.0,38.7,28511.0,1046508.0,4276644.0,2756143.0,644168.0,2105012.0,454647.0,311861.0,647.0,47,2018,47,<fiona.model.Geometry object at 0x000001BBBA294C70>,47,<fiona.model.Properties object at 0x000001BBBA294A90>,21.598309178284968,23.37208192753424,1.7737727492492716,15.734385752468505
Texas,59570.0,27885195.0,34.4,30143.0,4213938.0,18056306.0,10857332.0,2775348.0,9051414.0,1708190.0,1321019.0,832.0,48,2018,48,<fiona.model.Geometry object at 0x000001BBBA295720>,48,<fiona.model.Properties object at 0x000001BBBA294C10>,18.87207899229888,25.561970473040706,6.689891480741824,15.111739401499612
Vermont,60076.0,624977.0,42.9,33238.0,67034.0,408173.0,267247.0,37897.0,202629.0,31667.0,47484.0,846.0,50,2018,50,<fiona.model.Geometry object at 0x000001BBBA294DC0>,50,<fiona.model.Properties object at 0x000001BBBA295000>,15.628069032566907,14.180514654982096,-1.4475543775848116,10.725834710717354
Utah,68374.0,3045350.0,30.7,28239.0,309904.0,1903984.0,1113176.0,251984.0,962982.0,123759.0,144145.0,862.0,49,2018,49,<fiona.model.Geometry object at 0x000001BBBA2964A0>,49,<fiona.model.Properties object at 0x000001BBBA294E80>,12.851642086767978,22.636492342630454,9.784850255862477,10.176301574531664
Virginia,71564.0,8413774.0,38.1,37763.0,893580.0,5525973.0,3465247.0,691214.0,2747162.0,467073.0,692598.0,1015.0,51,2018,51,<fiona.model.Geometry object at 0x000001BBBA295270>,51,<fiona.model.Properties object at 0x000001BBBA295180>,17.002018810685353,19.947034078667407,2.945015267982054,10.620442146413726
Washington,70116.0,7294336.0,37.6,36888.0,821621.0,4769656.0,2940132.0,628189.0,2413997.0,411961.0,471410.0,1051.0,53,2018,53,<fiona.model.Geometry object at 0x000001BBBA2956F0>,53,<fiona.model.Properties object at 0x000001BBBA295600>,17.065514165924814,21.366013498713663,4.300499332788849,11.263821683015424
West Virginia,44921.0,1829054.0,42.4,25479.0,315464.0,1154525.0,764176.0,206413.0,579347.0,165943.0,75727.0,523.0,54,2018,54,<fiona.model.Geometry object at 0x000001BBBA295D20>,54,<fiona.model.Properties object at 0x000001BBBA295900>,28.643110260344837,27.01118590481774,-1.6319243555270972,17.247385807089348
Wisconsin,59209.0,5778394.0,39.3,32018.0,668220.0,3714752.0,2350115.0,357967.0,1871572.0,274973.0,285851.0,703.0,55,2018,55,<fiona.model.Geometry object at 0x000001BBBA2962C0>,55,<fiona.model.Properties object at 0x000001BBBA295A80>,14.69208772091055,15.231892907368362,0.5398051864578122,11.564112796739025
Wyoming,62268.0,581836.0,37.3,32295.0,63311.0,371202.0,225085.0,39569.0,192174.0,25335.0,26978.0,715.0,56,2018,56,,,,13.183365075400419,17.579581047159962,4.396215971759544,10.88124488687534
Puerto Rico,20166.0,3386941.0,40.9,12451.0,1495160.0,2152377.0,1483102.0,613572.0,1031169.0,467858.0,117015.0,368.0,72,2018,72,,,,45.37161221875367,41.37085648862991,-4.000755730123757,44.144849290259266
Alabama,48486.0,4864680.0,38.9,26846.0,829400.0,3110864.0,2033053.0,541630.0,1521242.0,386291.0,221842.0,562.0,01,2018,1,<fiona.model.Geometry object at 0x000001BBB6E3F4F0>,1,<fiona.model.Properties object at 0x000001BBB6E3ED10>,25.393132716556604,26.64121397720571,1.248081260649105,17.049425655952703
Alaska,76715.0,738516.0,34.0,35874.0,77865.0,493100.0,271605.0,54640.0,260986.0,39623.0,36794.0,1117.0,02,2018,2,<fiona.model.Geometry object at 0x000001BBB6E3E740>,2,<fiona.model.Properties object at 0x000001BBB6E3E830>,15.18204041596101,20.117449973306826,4.935409557345816,10.543441171213622
Arizona,56213.0,6946685.0,37.4,29265.0,1092192.0,4340506.0,2783409.0,671721.0,2181503.0,478815.0,362611.0,843.0,04,2018,4,<fiona.model.Geometry object at 0x000001BBB6E3EF20>,4,<fiona.model.Properties object at 0x000001BBB6E3E950>,21.948858195473488,24.133032551091127,2.184174355617639,15.72249209515042
Arkansas,45726.0,2990671.0,37.9,25635.0,510337.0,1876572.0,1216265.0,303826.0,931439.0,229009.0,115355.0,540.0,05,2018,5,<fiona.model.Geometry object at 0x000001BBB6E3D870>,5,<fiona.model.Properties object at 0x000001BBB6E3F310>,24.58658054902146,24.980246903429762,0.3936663544083032,17.06429761080373
California,71228.0,39148760.0,36.3,35021.0,5487141.0,25793738.0,15762112.0,4021848.0,12989472.0,2712829.0,2222636.0,1309.0,06,2018,6,<fiona.model.Geometry object at 0x000001BBB0F2A4D0>,6,<fiona.model.Properties object at 0x000001BBB6BAFDC0>,20.884828882959983,25.515920709102943,4.63109182614296,14.016129757366517
Colorado,68811.0,5531141.0,36.6,36415.0,590504.0,3668510.0,2202573.0,415223.0,1868659.0,269549.0,409786.0,1078.0,08,2018,8,<fiona.model.Geometry object at 0x000001BBB6DB21A0>,8,<fiona.model.Properties object at 0x000001BBB6DB2BF0>,14.42472917744757,18.851724778247984,4.426995600800414,10.675988914403014
Delaware,65627.0,949495.0,40.2,33989.0,109798.0,602664.0,401249.0,77978.0,294098.0,58916.0,62275.0,933.0,10,2018,10,<fiona.model.Geometry object at 0x000001BBB6BAEF80>,10,<fiona.model.Properties object at 0x000001BBB6BAFA30>,20.032778189583063,19.433817903596022,-0.5989602859870402,11.563831299796208
District of Columbia,82604.0,684498.0,33.9,53321.0,109497.0,491563.0,304853.0,54889.0,235044.0,44542.0,100571.0,1398.0,11,2018,11,<fiona.model.Geometry object at 0x000001BBB6BAF580>,11,<fiona.model.Properties object at 0x000001BBB6BAFF10>,18.950494375521178,18.005071296657732,-0.9454230788634455,15.996686622897364
Connecticut,76106.0,3581504.0,40.8,43056.0,348449.0,2337011.0,1513475.0,275800.0,1157089.0,203664.0,309751.0,973.0,09,2018,9,<fiona.model.Geometry object at 0x000001BBB6BAE8F0>,9,<fiona.model.Properties object at 0x000001BBB6BAEFB0>,17.601411818796997,18.22296370934439,0.6215518905473942,9.72912497096192
Florida,53267.0,20598139.0,41.9,30197.0,2983851.0,12867933.0,8731856.0,1956400.0,6369003.0,1458166.0,1081844.0,960.0,12,2018,12,<fiona.model.Geometry object at 0x000001BBB6BAD360>,12,<fiona.model.Properties object at 0x000001BBB6BAF790>,22.89472936344982,22.405316807789777,-0.48941255566004216,14.486022256670857
Georgia,55679.0,10297484.0,36.5,29523.0,1607714.0,6729931.0,4199466.0,1031281.0,3295639.0,724625.0,564866.0,765.0,13,2018,13,<fiona.model.Geometry object at 0x000001BBB6BAFD90>,13,<fiona.model.Properties object at 0x000001BBB6BAFF70>,21.98739000236373,24.557431825855954,2.5700418234922253,15.61268752638994
Idaho,53089.0,1687809.0,36.1,26772.0,228882.0,1044736.0,651833.0,141263.0,526809.0,84017.0,65700.0,690.0,16,2018,16,<fiona.model.Geometry object at 0x000001BBB6E3FF70>,16,<fiona.model.Properties object at 0x000001BBB6E3DC60>,15.94828486225558,21.67165516320898,5.723370300953402,13.560894627294912
Hawaii,78084.0,1422029.0,38.9,34035.0,137516.0,901490.0,574608.0,107400.0,461659.0,80804.0,72121.0,1412.0,15,2018,15,<fiona.model.Geometry object at 0x000001BBB6E3C460>,15,<fiona.model.Properties object at 0x000001BBB6BAF370>,17.50296214305364,18.691003257873195,1.1880411148195549,9.670407565527848
Illinois,63575.0,12821497.0,37.9,34463.0,1635603.0,8339771.0,5259365.0,1099619.0,4153662.0,788428.0,847698.0,846.0,17,2018,17,<fiona.model.Geometry object at 0x000001BBB6E3FBE0>,17,<fiona.model.Properties object at 0x000001BBB6E3EC50>,18.981515587931806,20.907828226411365,1.9263126384795584,12.75672411731641
Indiana,54325.0,6637426.0,37.6,28461.0,908359.0,4247455.0,2686423.0,550951.0,2120628.0,391662.0,304487.0,634.0,18,2018,18,<fiona.model.Geometry object at 0x000001BBB6E3F910>,18,<fiona.model.Properties object at 0x000001BBB6E3F6D0>,18.469151590943813,20.50872107631598,2.0395694853721658,13.685410579342053
Iowa,58580.0,3132499.0,38.1,31085.0,353634.0,1971042.0,1260300.0,184323.0,996714.0,131704.0,132751.0,621.0,19,2018,19,<fiona.model.Geometry object at 0x000001BBB6E3FA00>,19,<fiona.model.Properties object at 0x000001BBB6E3F8B0>,13.213820614539376,14.62532730302309,1.4115066884837137,11.28919753845093
Kansas,57422.0,2908776.0,36.5,30757.0,350280.0,1834788.0,1148502.0,207133.0,929036.0,137423.0,168742.0,633.0,20,2018,20,<fiona.model.Geometry object at 0x000001BBB6E3FD60>,20,<fiona.model.Properties object at 0x000001BBB6E3FB80>,14.791999448891108,18.03505784056101,3.2430583916699014,12.04217856582975
Kentucky,48392.0,4440204.0,38.7,26948.0,772080.0,2851283.0,1815808.0,439126.0,1422503.0,336295.0,211163.0,568.0,21,2018,21,<fiona.model.Geometry object at 0x000001BBB6E3FF40>,21,<fiona.model.Properties object at 0x000001BBB6E3FE50>,23.641074922161852,24.183503982799945,0.5424290606380922,17.38839026315007
Louisiana,47942.0,4663616.0,36.6,27027.0,878394.0,3001273.0,1899577.0,492139.0,1482497.0,386592.0,173858.0,676.0,22,2018,22,<fiona.model.Geometry object at 0x000001BBB6E3C040>,22,<fiona.model.Properties object at 0x000001BBB6E3C190>,26.077084810289666,25.907820530570753,-0.169264279718913,18.835041307002978
Maine,55425.0,1332813.0,44.6,31253.0,161743.0,850181.0,571970.0,94949.0,419936.0,70966.0,78014.0,724.0,23,2018,23,<fiona.model.Geometry object at 0x000001BBB6E3CB50>,23,<fiona.model.Properties object at 0x000001BBB6E3C130>,16.899241789225023,16.600346172002027,-0.2988956172229962,12.13546086360202
Maryland,81868.0,6003435.0,38.6,40517.0,553496.0,3933873.0,2507920.0,461622.0,1923424.0,334160.0,522662.0,1201.0,24,2018,24,<fiona.model.Geometry object at 0x000001BBB6E3C340>,24,<fiona.model.Properties object at 0x000001BBB6E3D090>,17.373184487663668,18.406567992599445,1.0333835049357774,9.219655080799576
Massachusetts,77378.0,6830193.0,39.4,41794.0,710305.0,4541767.0,2923609.0,496578.0,2231787.0,372191.0,637628.0,1083.0,25,2018,25,<fiona.model.Geometry object at 0x000001BBB6E3D7B0>,25,<fiona.model.Properties object at 0x000001BBB6E3CDF0>,16.67681548463182,16.985103001119505,0.3082875164876846,10.399486515241955
Michigan,54938.0,9957488.0,39.7,30336.0,1457008.0,6407005.0,4116152.0,884935.0,3191303.0,670280.0,559642.0,691.0,26,2018,26,<fiona.model.Geometry object at 0x000001BBB6E3CE80>,26,<fiona.model.Properties object at 0x000001BBB6E3C3D0>,21.00333312129873,21.499084581910484,0.49575146061175346,14.632284769010015
Minnesota,68411.0,5527358.0,37.9,36245.0,547442.0,3548896.0,2214315.0,302637.0,1790497.0,220049.0,315403.0,850.0,27,2018,27,<fiona.model.Geometry object at 0x000001BBB6DB3520>,27,<fiona.model.Properties object at 0x000001BBB6DB2FE0>,12.289827908117132,13.66729665833452,1.3774687502173872,9.904225490731738
Mississippi,42009.0,2986220.0,36.9,22500.0,620007.0,1904412.0,1222036.0,343055.0,930656.0,268594.0,112174.0,549.0,28,2017,28,<fiona.model.Geometry object at 0x000001BBB5E2BAF0>,28,<fiona.model.Properties object at 0x000001BBB6DB3910>,28.860717601347865,28.07241357865071,-0.7883040226971545,20.762268017761585
Missouri,51542.0,6075300.0,38.4,28282.0,861679.0,3888473.0,2492623.0,501525.0,1932597.0,384652.0,318072.0,602.0,29,2017,29,<fiona.model.Geometry object at 0x000001BBB6E3CD00>,29,<fiona.model.Properties object at 0x000001BBB5E2B760>,19.90337354347544,20.12037119131132,0.21699764783588193,14.183316050236202
Montana,50801.0,1029862.0,39.8,28706.0,144198.0,652060.0,413871.0,73038.0,330394.0,51941.0,49649.0,647.0,30,2017,30,<fiona.model.Geometry object at 0x000001BBB6E3EF80>,30,<fiona.model.Properties object at 0x000001BBB6E3D060>,15.720927135480668,17.647527852881694,1.9266007174010262,14.001681778723752
Nebraska,56675.0,1893921.0,36.3,29866.0,220330.0,1196115.0,746428.0,110579.0,604625.0,69158.0,88669.0,624.0,31,2017,31,<fiona.model.Geometry object at 0x000001BBB6E3D210>,31,<fiona.model.Properties object at 0x000001BBB6E3D120>,11.43816415133347,14.814422824438527,3.376258673105056,11.633536984911197
Nevada,55434.0,2887725.0,37.7,28450.0,405263.0,1872156.0,1145714.0,273885.0,947563.0,193475.0,111435.0,864.0,32,2017,32,<fiona.model.Geometry object at 0x000001BBB6E3D3F0>,32,<fiona.model.Properties object at 0x000001BBB6E3D300>,20.41816744638615,23.905180524982676,3.487013078596526,14.033988693521717
New Hampshire,71305.0,1331848.0,42.7,36914.0,104470.0,882974.0,560201.0,89255.0,442476.0,60469.0,97891.0,928.0,33,2017,33,<fiona.model.Geometry object at 0x000001BBB6E3CC70>,33,<fiona.model.Properties object at 0x000001BBB6E3D4E0>,13.666051944060243,15.932674165165718,2.266622221105475,7.843988202857984
New Jersey,76475.0,8960161.0,39.6,39069.0,938252.0,5843216.0,3724619.0,801106.0,2895430.0,545767.0,658970.0,1111.0,34,2017,34,<fiona.model.Geometry object at 0x000001BBB6E3DAE0>,34,<fiona.model.Properties object at 0x000001BBB6E3D660>,18.84925555098897,21.508401261981426,2.659145710992455,10.471374342492282
New Mexico,46718.0,2084828.0,37.3,25257.0,420293.0,1315026.0,836158.0,218968.0,657694.0,167314.0,115064.0,679.0,35,2017,35,<fiona.model.Geometry object at 0x000001BBB6E3D9F0>,35,<fiona.model.Properties object at 0x000001BBB6E3C070>,25.439490097218464,26.18739520521241,0.7479051079939474,20.159600696076605
Alabama,46472.0,4850771.0,38.7,25746.0,849699.0,3114104.0,2022516.0,548988.0,1523699.0,391605.0,216001.0,544.0,01,2017,1,<fiona.model.Geometry object at 0x000001BBB6E3F4F0>,1,<fiona.model.Properties object at 0x000001BBB6E3ED10>,25.700942246467314,27.14381493150116,1.4428726850338478,17.51678238366643
Alaska,76114.0,738565.0,33.9,35065.0,73380.0,497113.0,271063.0,54569.0,263457.0,38473.0,35770.0,1091.0,02,2017,2,<fiona.model.Geometry object at 0x000001BBB6E3E740>,2,<fiona.model.Properties object at 0x000001BBB6E3E830>,14.603142068724688,20.13148234912179,5.528340280397101,9.935482997434214
Arizona,53510.0,6809946.0,37.2,27964.0,1128046.0,4264979.0,2718818.0,675354.0,2142775.0,481490.0,347309.0,810.0,04,2017,4,<fiona.model.Geometry object at 0x000001BBB6E3EF20>,4,<fiona.model.Properties object at 0x000001BBB6E3E950>,22.47039469846344,24.839985611394365,2.3695909129309243,16.564683479134782
Arkansas,43813.0,2977944.0,37.9,24426.0,524211.0,1874894.0,1209967.0,309885.0,930196.0,231280.0,111094.0,527.0,05,2017,5,<fiona.model.Geometry object at 0x000001BBB6E3D870>,5,<fiona.model.Properties object at 0x000001BBB6E3F310>,24.863577138581547,25.611029061123155,0.7474519225416074,17.603118124450962
California,67169.0,38982847.0,36.1,33128.0,5773408.0,25761610.0,15665864.0,4118996.0,12965637.0,2795142.0,2135376.0,1227.0,06,2017,6,<fiona.model.Geometry object at 0x000001BBB0F2A4D0>,6,<fiona.model.Properties object at 0x000001BBB6BAFDC0>,21.55807693829466,26.29281091678059,4.734733978485927,14.81012405276608
New York,62765.0,19798228.0,38.4,35752.0,2908471.0,13072630.0,8376770.0,1887291.0,6425092.0,1394060.0,1516018.0,1075.0,36,2017,36,<fiona.model.Geometry object at 0x000001BBB6E3DC30>,36,<fiona.model.Properties object at 0x000001BBB6E3D720>,21.69712122410076,22.53005633436277,0.8329351102620102,14.690562205870142
North Carolina,50320.0,10052564.0,38.4,28123.0,1579871.0,6506782.0,4163053.0,964826.0,3199754.0,678462.0,520695.0,661.0,37,2017,37,<fiona.model.Geometry object at 0x000001BBB6E3CC10>,37,<fiona.model.Properties object at 0x000001BBB6E3DEA0>,21.203567524253426,23.17592401538006,1.9723564911266322,15.716099892524932
North Dakota,61285.0,745475.0,35.1,34256.0,79374.0,485083.0,288453.0,38947.0,255581.0,25707.0,26075.0,695.0,38,2017,38,<fiona.model.Geometry object at 0x000001BBB6E3E020>,38,<fiona.model.Properties object at 0x000001BBB6E3CC40>,10.058259416779807,13.502026326645936,3.443766909866129,10.647439551963513
Ohio,52407.0,11609756.0,39.3,29011.0,1683890.0,7446170.0,4790552.0,962672.0,3698735.0,719827.0,591026.0,607.0,39,2017,39,<fiona.model.Geometry object at 0x000001BBB6E3E230>,39,<fiona.model.Properties object at 0x000001BBB6E3E140>,19.461437491466675,20.09522075952834,0.6337832680616629,14.504094659698275
Oklahoma,49767.0,3896251.0,36.3,26461.0,612714.0,2468931.0,1548840.0,374410.0,1239290.0,257726.0,151995.0,592.0,40,2017,40,<fiona.model.Geometry object at 0x000001BBB6E3C7C0>,40,<fiona.model.Properties object at 0x000001BBB6E3DF00>,20.79626237603789,24.173575062627513,3.3773126865896224,15.725732248769393
Oregon,56119.0,4025127.0,39.2,30410.0,587248.0,2604986.0,1658211.0,347918.0,1303298.0,251992.0,238020.0,854.0,41,2017,41,<fiona.model.Geometry object at 0x000001BBBA294130>,41,<fiona.model.Properties object at 0x000001BBBA294D00>,19.334948722395033,20.981527682544623,1.64657896014959,14.589552081213835
Pennsylvania,56951.0,12790505.0,40.7,31476.0,1623537.0,8238949.0,5372121.0,1072306.0,4105502.0,810540.0,752518.0,719.0,42,2017,42,<fiona.model.Geometry object at 0x000001BBBA295840>,42,<fiona.model.Properties object at 0x000001BBBA294250>,19.742774452429934,19.960570508370903,0.21779605594096907,12.693298661780752
Rhode Island,61043.0,1056138.0,39.9,33315.0,136126.0,701185.0,452976.0,86492.0,345675.0,65021.0,67318.0,820.0,44,2017,44,<fiona.model.Geometry object at 0x000001BBBA294850>,44,<fiona.model.Properties object at 0x000001BBBA294550>,18.809864757358792,19.09416834445975,0.2843035871009576,12.889035334397589
South Carolina,48781.0,4893444.0,39.0,26645.0,790657.0,3131210.0,2042058.0,476144.0,1532044.0,348136.0,241554.0,638.0,45,2017,45,<fiona.model.Geometry object at 0x000001BBBA295540>,45,<fiona.model.Properties object at 0x000001BBBA2946D0>,22.723629347459994,23.31686955022825,0.5932402027682571,16.157475185166113
South Dakota,54126.0,855444.0,36.8,28761.0,114885.0,534332.0,332975.0,48285.0,273225.0,33117.0,32264.0,583.0,46,2017,46,<fiona.model.Geometry object at 0x000001BBBA2953C0>,46,<fiona.model.Properties object at 0x000001BBBA294910>,12.12077957727148,14.501088670320595,2.3803090930491155,13.429867998372774
Tennessee,48708.0,6597381.0,38.6,27277.0,1072360.0,4256901.0,2730044.0,652781.0,2094546.0,458973.0,301103.0,625.0,47,2017,47,<fiona.model.Geometry object at 0x000001BBBA294C70>,47,<fiona.model.Properties object at 0x000001BBBA294A90>,21.91276773105007,23.911006562531593,1.9982388314815225,16.25432880108031
Texas,57051.0,27419612.0,34.3,28985.0,4291384.0,17782102.0,10660959.0,2761532.0,8909606.0,1693438.0,1255615.0,789.0,48,2017,48,<fiona.model.Geometry object at 0x000001BBBA295720>,48,<fiona.model.Properties object at 0x000001BBBA294C10>,19.00687864311845,25.903223152813926,6.896344509695474,15.650783096420183
Vermont,57808.0,624636.0,42.8,31917.0,68144.0,410480.0,266215.0,39350.0,203781.0,31979.0,46246.0,821.0,50,2017,50,<fiona.model.Geometry object at 0x000001BBBA294DC0>,50,<fiona.model.Properties object at 0x000001BBBA295000>,15.692827103606323,14.78128580282854,-0.9115413007777828,10.909393630850607
Utah,65325.0,2993941.0,30.5,26907.0,324856.0,1871993.0,1091552.0,253999.0,945762.0,123513.0,136858.0,822.0,49,2017,49,<fiona.model.Geometry object at 0x000001BBBA2964A0>,49,<fiona.model.Properties object at 0x000001BBBA294E80>,13.0596281093975,23.269528158072177,10.209900048674676,10.850447620711297
Virginia,68766.0,8365952.0,38.0,36268.0,906838.0,5520524.0,3440791.0,698150.0,2743808.0,476061.0,670315.0,981.0,51,2017,51,<fiona.model.Geometry object at 0x000001BBBA295270>,51,<fiona.model.Properties object at 0x000001BBBA295180>,17.35037582804628,20.290392528927214,2.9400167008809355,10.839627098027815
Washington,66174.0,7169967.0,37.6,34869.0,859950.0,4705812.0,2887525.0,634376.0,2379166.0,418491.0,444410.0,973.0,53,2017,53,<fiona.model.Geometry object at 0x000001BBBA2956F0>,53,<fiona.model.Properties object at 0x000001BBBA295600>,17.589819289616614,21.96954138925204,4.379722099635426,11.993779050865925
West Virginia,44061.0,1836843.0,42.2,24774.0,317089.0,1166725.0,766555.0,209574.0,585240.0,165689.0,74597.0,506.0,54,2017,54,<fiona.model.Geometry object at 0x000001BBBA295D20>,54,<fiona.model.Properties object at 0x000001BBBA295900>,28.31129109425193,27.33972122026469,-0.9715698739872423,17.262716519593674
Wisconsin,56759.0,5763217.0,39.2,30557.0,692719.0,3721550.0,2339786.0,366003.0,1875533.0,282595.0,278119.0,682.0,55,2017,55,<fiona.model.Geometry object at 0x000001BBBA2962C0>,55,<fiona.model.Properties object at 0x000001BBBA295A80>,15.067450159501325,15.642584407291949,0.5751342477906238,12.019658465055194
Wyoming,60938.0,583200.0,37.0,31214.0,63398.0,375543.0,225317.0,38804.0,194369.0,25176.0,26053.0,698.0,56,2017,56,,,,12.952682783777249,17.221958396392637,4.269275612615388,10.87071330589849
Puerto Rico,19775.0,3468963.0,40.1,12081.0,1543220.0,2206663.0,1506874.0,633335.0,1056038.0,484619.0,115565.0,362.0,72,2017,72,,,,45.89029940210485,42.029725113048606,-3.8605742890562453,44.48649351405593
Delaware,63036.0,943732.0,39.8,32625.0,111304.0,602139.0,397693.0,81364.0,293625.0,60970.0,60642.0,897.0,10,2017,10,<fiona.model.Geometry object at 0x000001BBB6BAEF80>,10,<fiona.model.Properties object at 0x000001BBB6BAFA30>,20.76458067262665,20.4589972667359,-0.3055834058907507,11.79402627016992
District of Columbia,77649.0,672391.0,33.9,50832.0,111025.0,484846.0,300088.0,57163.0,231989.0,45124.0,96398.0,1330.0,11,2017,11,<fiona.model.Geometry object at 0x000001BBB6BAF580>,11,<fiona.model.Properties object at 0x000001BBB6BAFF10>,19.450922242002854,19.048745701260962,-0.40217654074189113,16.51196996985385
Connecticut,73781.0,3594478.0,40.8,41365.0,350783.0,2352334.0,1515179.0,282898.0,1164864.0,207359.0,306063.0,944.0,09,2017,9,<fiona.model.Geometry object at 0x000001BBB6BAE8F0>,9,<fiona.model.Properties object at 0x000001BBB6BAEFB0>,17.801133866271083,18.670929309342327,0.8697954430712436,9.758941353932338
Florida,50883.0,20278447.0,41.8,28774.0,3070972.0,12718497.0,8587836.0,1972819.0,6289970.0,1479106.0,1021907.0,909.0,12,2017,12,<fiona.model.Geometry object at 0x000001BBB6BAD360>,12,<fiona.model.Properties object at 0x000001BBB6BAF790>,23.515310883835696,22.97224818918293,-0.5430626946527646,15.144019657915619
Georgia,52977.0,10201635.0,36.4,28015.0,1679030.0,6684903.0,4144082.0,1051772.0,3277245.0,745825.0,539097.0,733.0,13,2017,13,<fiona.model.Geometry object at 0x000001BBB6BAFD90>,13,<fiona.model.Properties object at 0x000001BBB6BAFF70>,22.75768213850353,25.380096243269318,2.622414104765788,16.458440240216397
Idaho,50985.0,1657375.0,35.9,25471.0,236000.0,1028913.0,638754.0,142147.0,518585.0,84475.0,62960.0,661.0,16,2017,16,<fiona.model.Geometry object at 0x000001BBB6E3FF70>,16,<fiona.model.Properties object at 0x000001BBB6E3DC60>,16.289518593866,22.25379410539895,5.96427551153295,14.239384568972019
Hawaii,74923.0,1421658.0,38.8,32511.0,143148.0,907788.0,573554.0,112607.0,465099.0,82870.0,69536.0,1348.0,15,2017,15,<fiona.model.Geometry object at 0x000001BBB6E3C460>,15,<fiona.model.Properties object at 0x000001BBB6BAF370>,17.817711927998126,19.63319931514731,1.815487387149183,10.06908834614232
Illinois,61229.0,12854526.0,37.7,32924.0,1698613.0,8389951.0,5261565.0,1130778.0,4178027.0,818212.0,823826.0,820.0,17,2017,17,<fiona.model.Geometry object at 0x000001BBB6E3FBE0>,17,<fiona.model.Properties object at 0x000001BBB6E3EC50>,19.583693451478414,21.491286337810138,1.9075928863317237,13.214123959140927
Indiana,52182.0,6614418.0,37.5,27305.0,933540.0,4247772.0,2673655.0,564027.0,2119820.0,401837.0,295381.0,617.0,18,2017,18,<fiona.model.Geometry object at 0x000001BBB6E3F910>,18,<fiona.model.Properties object at 0x000001BBB6E3F6D0>,18.9561849591003,21.0957285064827,2.1395435473823987,14.113713406077451
Iowa,56570.0,3118102.0,38.1,30063.0,361343.0,1969586.0,1253631.0,185351.0,996086.0,133415.0,128747.0,602.0,19,2017,19,<fiona.model.Geometry object at 0x000001BBB6E3FA00>,19,<fiona.model.Properties object at 0x000001BBB6E3F8B0>,13.393923817822959,14.785132148136094,1.3912083303131357,11.588556115226506
Kansas,55477.0,2903820.0,36.3,29600.0,361285.0,1838360.0,1145398.0,210126.0,930334.0,139695.0,162930.0,614.0,20,2017,20,<fiona.model.Geometry object at 0x000001BBB6E3FD60>,20,<fiona.model.Properties object at 0x000001BBB6E3FB80>,15.01557505154063,18.345238947509948,3.3296638959693183,12.441714706834446
Kentucky,46535.0,4424376.0,38.6,25888.0,783586.0,2853360.0,1807635.0,446675.0,1423382.0,341855.0,205326.0,548.0,21,2017,21,<fiona.model.Geometry object at 0x000001BBB6E3FF40>,21,<fiona.model.Properties object at 0x000001BBB6E3FE50>,24.017094497471515,24.710464225355228,0.693369727883713,17.710655694723958
Louisiana,46710.0,4663461.0,36.4,26205.0,887574.0,3018159.0,1896553.0,499830.0,1491553.0,385780.0,168699.0,657.0,22,2017,22,<fiona.model.Geometry object at 0x000001BBB6E3C040>,22,<fiona.model.Properties object at 0x000001BBB6E3C190>,25.864317258588866,26.354654997777548,0.49033773918868206,19.03251683674421
Maine,53024.0,1330158.0,44.3,29886.0,166904.0,854397.0,569749.0,97491.0,421555.0,74508.0,75126.0,704.0,23,2017,23,<fiona.model.Geometry object at 0x000001BBB6E3CB50>,23,<fiona.model.Properties object at 0x000001BBB6E3C130>,17.67456203816821,17.11121915088925,-0.5633428872789601,12.547682305410335
Maryland,78916.0,5996079.0,38.5,39070.0,566966.0,3951666.0,2503614.0,470656.0,1931044.0,340596.0,510441.0,1153.0,24,2017,24,<fiona.model.Geometry object at 0x000001BBB6E3C340>,24,<fiona.model.Properties object at 0x000001BBB6E3D090>,17.63792021310752,18.799064072976105,1.1611438598685844,9.455612576151848
Massachusetts,74167.0,6789319.0,39.4,39913.0,727546.0,4526425.0,2901798.0,504823.0,2223539.0,379045.0,617390.0,1031.0,25,2017,25,<fiona.model.Geometry object at 0x000001BBB6E3D7B0>,25,<fiona.model.Properties object at 0x000001BBB6E3CDF0>,17.046923845275483,17.396903574955942,0.34997972968045943,10.71603794136054
Michigan,52668.0,9925568.0,39.6,28938.0,1510841.0,6410675.0,4096986.0,905644.0,3191100.0,698152.0,545875.0,670.0,26,2017,26,<fiona.model.Geometry object at 0x000001BBB6E3CE80>,26,<fiona.model.Properties object at 0x000001BBB6E3C3D0>,21.87809846134562,22.105128013617815,0.2270295522721959,15.221708218612779
Minnesota,65699.0,5490726.0,37.9,34712.0,560995.0,3543695.0,2199595.0,306504.0,1787174.0,222975.0,304197.0,816.0,27,2017,27,<fiona.model.Geometry object at 0x000001BBB6DB3520>,27,<fiona.model.Properties object at 0x000001BBB6DB2FE0>,12.47640129052907,13.934565226780384,1.4581639362513137,10.217137041622546
Colorado,65458.0,5436519.0,36.5,34845.0,612143.0,3612817.0,2160200.0,419971.0,1837991.0,271408.0,391994.0,994.0,08,2017,8,<fiona.model.Geometry object at 0x000001BBB6DB21A0>,8,<fiona.model.Properties object at 0x000001BBB6DB2BF0>,14.766557616440995,19.441301731321175,4.6747441148801805,11.259833728163187
